STATE,COUNTY,HOG2022FAC,HOG2022NUM
Alabama,Alabama,4,4000.0
Alabama,Autauga,-,-
Alabama,Baldwin,-,-
Alabama,Barbour,-,-
Alabama,Bibb,-,-
Alabama,Blount,-,-
Alabama,Bullock,-,-
Alabama,Butler,-,-
Alabama,Calhoun,-,-
Alabama,Chambers,-,-
Alabama,Cherokee,1,1000.0
Alabama,Chilton,-,-
Alabama,Choctaw,-,-
Alabama,Clarke,-,-
Alabama,Clay,-,-
Alabama,Cleburne,-,-
Alabama,Coffee,-,-
Alabama,Colbert,-,-
Alabama,Conecuh,-,-
Alabama,Coosa,-,-
Alabama,Covington,-,-
Alabama,Crenshaw,-,-
Alabama,Cullman,-,-
Alabama,Dale,-,-
Alabama,Dallas,-,-
Alabama,DeKalb,1,1000.0
Alabama,Elmore,-,-
Alabama,Escambia,-,-
Alabama,Etowah,-,-
Alabama,Fayette,-,-
Alabama,Franklin,-,-
Alabama,Geneva,-,-
Alabama,Greene,-,-
Alabama,Hale,-,-
Alabama,Henry,-,-
Alabama,Houston,-,-
Alabama,Jackson,-,-
Alabama,Jefferson,-,-
Alabama,Lamar,-,-
Alabama,Lauderdale,-,-
Alabama,Lawrence,-,-
Alabama,Lee,-,-
Alabama,Limestone,-,-
Alabama,Lowndes,-,-
Alabama,Macon,-,-
Alabama,Madison,-,-
Alabama,Marengo,-,-
Alabama,Marion,-,-
Alabama,Marshall,-,-
Alabama,Mobile,-,-
Alabama,Monroe,-,-
Alabama,Montgomery,-,-
Alabama,Morgan,-,-
Alabama,Perry,-,-
Alabama,Pickens,1,1000.0
Alabama,Pike,-,-
Alabama,Randolph,-,-
Alabama,Russell,-,-
Alabama,St.Clair,-,-
Alabama,Shelby,-,-
Alabama,Sumter,1,1000.0
Alabama,Talladega,-,-
Alabama,Tallapoosa,-,-
Alabama,Tuscaloosa,-,-
Alabama,Walker,-,-
Alabama,Washington,-,-
Alabama,Wilcox,-,-
Alabama,Winston,-,-
Arizona,Arizona,2,2000.0
Arizona,Apache,-,-
Arizona,Cochise,-,-
Arizona,Coconino,-,-
Arizona,Gila,-,-
Arizona,Graham,-,-
Arizona,Greenlee,-,-
Arizona,LaPaz,-,-
Arizona,Maricopa,-,-
Arizona,Mohave,-,-
Arizona,Navajo,1,1000.0
Arizona,Pima,1,1000.0
Arizona,Pinal,-,-
Arizona,SantaCruz,-,-
Arizona,Yavapai,-,-
Arizona,Yuma,-,-
Arkansas,Arkansas,27,"131,471"
Arkansas,Arkansas,-,-
Arkansas,Ashley,-,-
Arkansas,Baxter,-,-
Arkansas,Benton,1,(D)
Arkansas,Boone,-,-
Arkansas,Bradley,-,-
Arkansas,Calhoun,-,-
Arkansas,Carroll,-,-
Arkansas,Chicot,-,-
Arkansas,Clark,-,-
Arkansas,Clay,-,-
Arkansas,Cleburne,-,-
Arkansas,Cleveland,-,-
Arkansas,Columbia,-,-
Arkansas,Conway,4,"13,200"
Arkansas,Craighead,-,-
Arkansas,Crawford,-,-
Arkansas,Crittenden,-,-
Arkansas,Cross,-,-
Arkansas,Dallas,-,-
Arkansas,Desha,-,-
Arkansas,Drew,-,-
Arkansas,Faulkner,-,-
Arkansas,Franklin,-,-
Arkansas,Fulton,-,-
Arkansas,Garland,-,-
Arkansas,Grant,-,-
Arkansas,Greene,-,-
Arkansas,Hempstead,3,"9,600"
Arkansas,HotSpring,-,-
Arkansas,Howard,4,"56,601"
Arkansas,Independence,-,-
Arkansas,Izard,1,(D)
Arkansas,Jackson,-,-
Arkansas,Jefferson,-,-
Arkansas,Johnson,-,-
Arkansas,Lafayette,-,-
Arkansas,Lawrence,-,-
Arkansas,Lee,-,-
Arkansas,Lincoln,-,-
Arkansas,LittleRiver,-,-
Arkansas,Logan,-,-
Arkansas,Lonoke,-,-
Arkansas,Madison,-,-
Arkansas,Marion,-,-
Arkansas,Miller,-,-
Arkansas,Mississippi,-,-
Arkansas,Monroe,-,-
Arkansas,Montgomery,-,-
Arkansas,Nevada,-,-
Arkansas,Newton,-,-
Arkansas,Ouachita,-,-
Arkansas,Perry,-,-
Arkansas,Phillips,-,-
Arkansas,Pike,2,(D)
Arkansas,Poinsett,-,-
Arkansas,Polk,1,(D)
Arkansas,Pope,3,"5,200"
Arkansas,Prairie,-,-
Arkansas,Pulaski,-,-
Arkansas,Randolph,-,-
Arkansas,St.Francis,-,-
Arkansas,Saline,-,-
Arkansas,Scott,-,-
Arkansas,Searcy,-,-
Arkansas,Sebastian,-,-
Arkansas,Sevier,4,(D)
Arkansas,Sharp,-,-
Arkansas,Stone,-,-
Arkansas,Union,-,-
Arkansas,VanBuren,-,-
Arkansas,Washington,2,(D)
Arkansas,White,-,-
Arkansas,Woodruff,-,-
Arkansas,Yell,2,(D)
California,California,6,"57,011"
California,Alameda,-,-
California,Alpine,-,-
California,Amador,-,-
California,Butte,1,(D)
California,Calaveras,-,-
California,Colusa,-,-
California,ContraCosta,-,-
California,DelNorte,-,-
California,ElDorado,-,-
California,Fresno,1,(D)
California,Glenn,-,-
California,Humboldt,-,-
California,Imperial,-,-
California,Inyo,-,-
California,Kern,-,-
California,Kings,-,-
California,Lake,-,-
California,Lassen,-,-
California,LosAngeles,-,-
California,Madera,-,-
California,Marin,-,-
California,Mariposa,-,-
California,Mendocino,-,-
California,Merced,-,-
California,Modoc,-,-
California,Mono,-,-
California,Monterey,-,-
California,Napa,-,-
California,Nevada,-,-
California,Orange,-,-
California,Placer,-,-
California,Plumas,-,-
California,Riverside,-,-
California,Sacramento,-,-
California,SanBenito,-,-
California,SanBernardino,-,-
California,SanDiego,1,(D)
California,SanFrancisco,-,-
California,SanJoaquin,-,-
California,SanLuisObispo,-,-
California,SanMateo,-,-
California,SantaBarbara,-,-
California,SantaClara,-,-
California,SantaCruz,-,-
California,Shasta,-,-
California,Sierra,-,-
California,Siskiyou,-,-
California,Solano,-,-
California,Sonoma,-,-
California,Stanislaus,2,(D)
California,Sutter,-,-
California,Tehama,-,-
California,Trinity,-,-
California,Tulare,1,(D)
California,Tuolumne,-,-
California,Ventura,-,-
California,Yolo,-,-
California,Yuba,-,-
Colorado,Colorado,12,"500,823"
Colorado,Adams,1,(D)
Colorado,Alamosa,-,-
Colorado,Arapahoe,-,-
Colorado,Archuleta,-,-
Colorado,Baca,-,-
Colorado,Bent,1,(D)
Colorado,Boulder,-,-
Colorado,Broomfield,-,-
Colorado,Chaffee,-,-
Colorado,Cheyenne,-,-
Colorado,ClearCreek,-,-
Colorado,Conejos,-,-
Colorado,Costilla,-,-
Colorado,Crowley,-,-
Colorado,Custer,-,-
Colorado,Delta,-,-
Colorado,Denver,-,-
Colorado,Dolores,-,-
Colorado,Douglas,-,-
Colorado,Eagle,-,-
Colorado,Elbert,-,-
Colorado,ElPaso,-,-
Colorado,Fremont,-,-
Colorado,Garfield,-,-
Colorado,Gilpin,-,-
Colorado,Grand,-,-
Colorado,Gunnison,-,-
Colorado,Hinsdale,-,-
Colorado,Huerfano,-,-
Colorado,Jackson,-,-
Colorado,Jefferson,-,-
Colorado,Kiowa,1,(D)
Colorado,KitCarson,1,(D)
Colorado,Lake,-,-
Colorado,LaPlata,-,-
Colorado,Larimer,-,-
Colorado,LasAnimas,-,-
Colorado,Lincoln,-,-
Colorado,Logan,1,(D)
Colorado,Mesa,-,-
Colorado,Mineral,-,-
Colorado,Moffat,-,-
Colorado,Montezuma,-,-
Colorado,Montrose,-,-
Colorado,Morgan,-,-
Colorado,Otero,-,-
Colorado,Ouray,-,-
Colorado,Park,-,-
Colorado,Phillips,1,(D)
Colorado,Pitkin,-,-
Colorado,Prowers,2,(D)
Colorado,Pueblo,-,-
Colorado,RioBlanco,-,-
Colorado,RioGrande,-,-
Colorado,Routt,-,-
Colorado,Saguache,-,-
Colorado,SanJuan,-,-
Colorado,SanMiguel,-,-
Colorado,Sedgwick,1,(D)
Colorado,Summit,-,-
Colorado,Teller,-,-
Colorado,Washington,1,(D)
Colorado,Weld,-,-
Colorado,Yuma,2,(D)
Connecticut,Connecticut,-,-
Connecticut,Fairfield,-,-
Connecticut,Hartford,-,-
Connecticut,Litchfield,-,-
Connecticut,Middlesex,-,-
Connecticut,NewHaven,-,-
Connecticut,NewLondon,-,-
Connecticut,Tolland,-,-
Connecticut,Windham,-,-
Delaware,Delaware,-,-
Delaware,Kent,-,-
Delaware,NewCastle,-,-
Delaware,Sussex,-,-
Florida,Florida,-,-
Florida,Alachua,-,-
Florida,Baker,-,-
Florida,Bay,-,-
Florida,Bradford,-,-
Florida,Brevard,-,-
Florida,Broward,-,-
Florida,Calhoun,-,-
Florida,Charlotte,-,-
Florida,Citrus,-,-
Florida,Clay,-,-
Florida,Collier,-,-
Florida,Columbia,-,-
Florida,DeSoto,-,-
Florida,Dixie,-,-
Florida,Duval,-,-
Florida,Escambia,-,-
Florida,Flagler,-,-
Florida,Franklin,-,-
Florida,Gadsden,-,-
Florida,Gilchrist,-,-
Florida,Glades,-,-
Florida,Gulf,-,-
Florida,Hamilton,-,-
Florida,Hardee,-,-
Florida,Hendry,-,-
Florida,Hernando,-,-
Florida,Highlands,-,-
Florida,Hillsborough,-,-
Florida,Holmes,-,-
Florida,IndianRiver,-,-
Florida,Jackson,-,-
Florida,Jefferson,-,-
Florida,Lafayette,-,-
Florida,Lake,-,-
Florida,Lee,-,-
Florida,Leon,-,-
Florida,Levy,-,-
Florida,Liberty,-,-
Florida,Madison,-,-
Florida,Manatee,-,-
Florida,Marion,-,-
Florida,Martin,-,-
Florida,Miami-Dade,-,-
Florida,Monroe,-,-
Florida,Nassau,-,-
Florida,Okaloosa,-,-
Florida,Okeechobee,-,-
Florida,Orange,-,-
Florida,Osceola,-,-
Florida,PalmBeach,-,-
Florida,Pasco,-,-
Florida,Pinellas,-,-
Florida,Polk,-,-
Florida,Putnam,-,-
Florida,St.Johns,-,-
Florida,St.Lucie,-,-
Florida,SantaRosa,-,-
Florida,Sarasota,-,-
Florida,Seminole,-,-
Florida,Sumter,-,-
Florida,Suwannee,-,-
Florida,Taylor,-,-
Florida,Union,-,-
Florida,Volusia,-,-
Florida,Wakulla,-,-
Florida,Walton,-,-
Florida,Washington,-,-
Georgia,Georgia,11,"29,522"
Georgia,Appling,-,-
Georgia,Atkinson,-,-
Georgia,Bacon,-,-
Georgia,Baker,-,-
Georgia,Baldwin,-,-
Georgia,Banks,-,-
Georgia,Barrow,-,-
Georgia,Bartow,-,-
Georgia,BenHill,-,-
Georgia,Berrien,1,(D)
Georgia,Bibb,-,-
Georgia,Bleckley,-,-
Georgia,Brantley,-,-
Georgia,Brooks,1,(D)
Georgia,Bryan,-,-
Georgia,Bulloch,-,-
Georgia,Burke,-,-
Georgia,Butts,-,-
Georgia,Calhoun,-,-
Georgia,Camden,-,-
Georgia,Candler,2,(D)
Georgia,Carroll,-,-
Georgia,Catoosa,-,-
Georgia,Charlton,-,-
Georgia,Chatham,-,-
Georgia,Chattahoochee,-,-
Georgia,Chattooga,-,-
Georgia,Cherokee,-,-
Georgia,Clarke,-,-
Georgia,Clay,1,(D)
Georgia,Clayton,-,-
Georgia,Clinch,-,-
Georgia,Cobb,-,-
Georgia,Coffee,2,(D)
Georgia,Colquitt,-,-
Georgia,Columbia,-,-
Georgia,Cook,-,-
Georgia,Coweta,-,-
Georgia,Crawford,-,-
Georgia,Crisp,-,-
Georgia,Dade,-,-
Georgia,Dawson,-,-
Georgia,Decatur,-,-
Georgia,DeKalb,-,-
Georgia,Dodge,-,-
Georgia,Dooly,-,-
Georgia,Dougherty,-,-
Georgia,Douglas,-,-
Georgia,Early,-,-
Georgia,Echols,-,-
Georgia,Effingham,-,-
Georgia,Elbert,-,-
Georgia,Emanuel,-,-
Georgia,Evans,-,-
Georgia,Fannin,-,-
Georgia,Fayette,-,-
Georgia,Floyd,-,-
Georgia,Forsyth,-,-
Georgia,Franklin,-,-
Georgia,Fulton,-,-
Georgia,Gilmer,-,-
Georgia,Glascock,-,-
Georgia,Glynn,-,-
Georgia,Gordon,-,-
Georgia,Grady,-,-
Georgia,Greene,-,-
Georgia,Gwinnett,-,-
Georgia,Habersham,-,-
Georgia,Hall,-,-
Georgia,Hancock,-,-
Georgia,Haralson,-,-
Georgia,Harris,-,-
Georgia,Hart,1,(D)
Georgia,Heard,-,-
Georgia,Henry,-,-
Georgia,Houston,-,-
Georgia,Irwin,-,-
Georgia,Jackson,-,-
Georgia,Jasper,-,-
Georgia,JeffDavis,-,-
Georgia,Jefferson,-,-
Georgia,Jenkins,-,-
Georgia,Johnson,-,-
Georgia,Jones,-,-
Georgia,Lamar,-,-
Georgia,Lanier,-,-
Georgia,Laurens,-,-
Georgia,Lee,-,-
Georgia,Liberty,-,-
Georgia,Lincoln,-,-
Georgia,Long,-,-
Georgia,Lowndes,-,-
Georgia,Lumpkin,-,-
Georgia,McDuffie,-,-
Georgia,McIntosh,-,-
Georgia,Macon,-,-
Georgia,Madison,-,-
Georgia,Marion,-,-
Georgia,Meriwether,-,-
Georgia,Miller,-,-
Georgia,Mitchell,-,-
Georgia,Monroe,-,-
Georgia,Montgomery,-,-
Georgia,Morgan,-,-
Georgia,Murray,-,-
Georgia,Muscogee,-,-
Georgia,Newton,-,-
Georgia,Oconee,-,-
Georgia,Oglethorpe,2,(D)
Georgia,Paulding,-,-
Georgia,Peach,-,-
Georgia,Pickens,-,-
Georgia,Pierce,-,-
Georgia,Pike,-,-
Georgia,Polk,-,-
Georgia,Pulaski,-,-
Georgia,Putnam,-,-
Georgia,Quitman,-,-
Georgia,Rabun,-,-
Georgia,Randolph,-,-
Georgia,Richmond,-,-
Georgia,Rockdale,-,-
Georgia,Schley,-,-
Georgia,Screven,-,-
Georgia,Seminole,-,-
Georgia,Spalding,-,-
Georgia,Stephens,-,-
Georgia,Stewart,-,-
Georgia,Sumter,-,-
Georgia,Talbot,-,-
Georgia,Taliaferro,-,-
Georgia,Tattnall,1,(D)
Georgia,Taylor,-,-
Georgia,Telfair,-,-
Georgia,Terrell,-,-
Georgia,Thomas,-,-
Georgia,Tift,-,-
Georgia,Toombs,-,-
Georgia,Towns,-,-
Georgia,Treutlen,-,-
Georgia,Troup,-,-
Georgia,Turner,-,-
Georgia,Twiggs,-,-
Georgia,Union,-,-
Georgia,Upson,-,-
Georgia,Walker,-,-
Georgia,Walton,-,-
Georgia,Ware,-,-
Georgia,Warren,-,-
Georgia,Washington,-,-
Georgia,Wayne,-,-
Georgia,Webster,-,-
Georgia,Wheeler,-,-
Georgia,White,-,-
Georgia,Whitfield,-,-
Georgia,Wilcox,-,-
Georgia,Wilkes,-,-
Georgia,Wilkinson,-,-
Georgia,Worth,-,-
Idaho,Idaho,3,"12,994"
Idaho,Ada,1,(D)
Idaho,Adams,-,-
Idaho,Bannock,-,-
Idaho,BearLake,-,-
Idaho,Benewah,-,-
Idaho,Bingham,-,-
Idaho,Blaine,-,-
Idaho,Boise,-,-
Idaho,Bonner,-,-
Idaho,Bonneville,-,-
Idaho,Boundary,-,-
Idaho,Butte,-,-
Idaho,Camas,-,-
Idaho,Canyon,-,-
Idaho,Caribou,-,-
Idaho,Cassia,1,(D)
Idaho,Clark,-,-
Idaho,Clearwater,-,-
Idaho,Custer,-,-
Idaho,Elmore,-,-
Idaho,Franklin,-,-
Idaho,Fremont,-,-
Idaho,Gem,-,-
Idaho,Gooding,-,-
Idaho,Idaho,-,-
Idaho,Jefferson,-,-
Idaho,Jerome,-,-
Idaho,Kootenai,-,-
Idaho,Latah,1,(D)
Idaho,Lemhi,-,-
Idaho,Lewis,-,-
Idaho,Lincoln,-,-
Idaho,Madison,-,-
Idaho,Minidoka,-,-
Idaho,NezPerce,-,-
Idaho,Oneida,-,-
Idaho,Owyhee,-,-
Idaho,Payette,-,-
Idaho,Power,-,-
Idaho,Shoshone,-,-
Idaho,Teton,-,-
Idaho,TwinFalls,-,-
Idaho,Valley,-,-
Idaho,Washington,-,-
Illinois,Illinois,600,"5,131,195"
Illinois,Adams,26,"180,728"
Illinois,Alexander,-,-
Illinois,Bond,-,-
Illinois,Boone,3,"25,516"
Illinois,Brown,2,(D)
Illinois,Bureau,10,"69,553"
Illinois,Calhoun,2,(D)
Illinois,Carroll,10,"70,709"
Illinois,Cass,5,"70,551"
Illinois,Champaign,5,"11,350"
Illinois,Christian,7,"60,806"
Illinois,Clark,10,"79,492"
Illinois,Clay,8,"97,597"
Illinois,Clinton,10,"52,555"
Illinois,Coles,7,(D)
Illinois,Cook,-,-
Illinois,Crawford,1,(D)
Illinois,Cumberland,7,"88,553"
Illinois,DeKalb,30,"291,115"
Illinois,DeWitt,-,-
Illinois,Douglas,-,-
Illinois,DuPage,-,-
Illinois,Edgar,1,(D)
Illinois,Edwards,4,(D)
Illinois,Effingham,19,"145,466"
Illinois,Fayette,3,"22,856"
Illinois,Ford,6,"50,100"
Illinois,Franklin,5,"20,785"
Illinois,Fulton,6,"69,737"
Illinois,Gallatin,-,-
Illinois,Greene,4,(D)
Illinois,Grundy,-,-
Illinois,Hamilton,-,-
Illinois,Hancock,17,"181,834"
Illinois,Hardin,-,-
Illinois,Henderson,7,"26,980"
Illinois,Henry,14,"62,880"
Illinois,Iroquois,10,"95,430"
Illinois,Jackson,-,-
Illinois,Jasper,18,"156,392"
Illinois,Jefferson,3,"13,204"
Illinois,Jersey,-,-
Illinois,JoDaviess,1,(D)
Illinois,Johnson,-,-
Illinois,Kane,3,(D)
Illinois,Kankakee,1,(D)
Illinois,Kendall,-,-
Illinois,Knox,17,"101,974"
Illinois,Lake,-,-
Illinois,LaSalle,1,(D)
Illinois,Lawrence,11,"63,000"
Illinois,Lee,7,"26,672"
Illinois,Livingston,26,"190,940"
Illinois,Logan,12,"69,600"
Illinois,McDonough,9,"88,756"
Illinois,McHenry,4,"13,312"
Illinois,McLean,11,"139,450"
Illinois,Macon,1,(D)
Illinois,Macoupin,9,"91,700"
Illinois,Madison,1,(D)
Illinois,Marion,-,-
Illinois,Marshall,-,-
Illinois,Mason,1,(D)
Illinois,Massac,-,-
Illinois,Menard,1,(D)
Illinois,Mercer,20,"323,606"
Illinois,Monroe,2,(D)
Illinois,Montgomery,15,"161,484"
Illinois,Morgan,4,"21,418"
Illinois,Moultrie,1,(D)
Illinois,Ogle,18,"105,094"
Illinois,Peoria,3,"11,400"
Illinois,Perry,-,-
Illinois,Piatt,-,-
Illinois,Pike,16,"282,654"
Illinois,Pope,-,-
Illinois,Pulaski,-,-
Illinois,Putnam,2,(D)
Illinois,Randolph,1,(D)
Illinois,Richland,8,"42,150"
Illinois,RockIsland,5,"35,776"
Illinois,St.Clair,1,(D)
Illinois,Saline,10,(D)
Illinois,Sangamon,4,"32,600"
Illinois,Schuyler,4,"52,596"
Illinois,Scott,2,(D)
Illinois,Shelby,9,"34,539"
Illinois,Stark,3,"16,500"
Illinois,Stephenson,12,"113,492"
Illinois,Tazewell,10,"50,008"
Illinois,Union,-,-
Illinois,Vermilion,5,"9,000"
Illinois,Wabash,-,-
Illinois,Warren,10,"47,590"
Illinois,Washington,12,"133,398"
Illinois,Wayne,8,"89,140"
Illinois,White,1,(D)
Illinois,Whiteside,18,"82,798"
Illinois,Will,3,"14,090"
Illinois,Williamson,-,-
Illinois,Winnebago,1,(D)
Illinois,Woodford,16,"181,971"
Indiana,Indiana,618,"4,284,060"
Indiana,Adams,25,"161,316"
Indiana,Allen,7,"39,000"
Indiana,Bartholomew,7,"56,600"
Indiana,Benton,-,-
Indiana,Blackford,5,(D)
Indiana,Boone,3,"18,000"
Indiana,Brown,-,-
Indiana,Carroll,35,"266,075"
Indiana,Cass,12,"45,942"
Indiana,Clark,-,-
Indiana,Clay,-,-
Indiana,Clinton,17,"102,792"
Indiana,Crawford,4,"16,200"
Indiana,Daviess,9,"26,550"
Indiana,Dearborn,-,-
Indiana,Decatur,22,"172,323"
Indiana,DeKalb,-,-
Indiana,Delaware,3,"12,000"
Indiana,Dubois,9,"31,220"
Indiana,Elkhart,22,"59,908"
Indiana,Fayette,-,-
Indiana,Floyd,-,-
Indiana,Fountain,2,(D)
Indiana,Franklin,6,"13,160"
Indiana,Fulton,7,"30,580"
Indiana,Gibson,6,"28,400"
Indiana,Grant,6,"25,400"
Indiana,Greene,3,(D)
Indiana,Hamilton,-,-
Indiana,Hancock,12,"93,100"
Indiana,Harrison,-,-
Indiana,Hendricks,4,"21,690"
Indiana,Henry,4,"26,000"
Indiana,Howard,3,(D)
Indiana,Huntington,8,"68,045"
Indiana,Jackson,9,"43,480"
Indiana,Jasper,17,"172,693"
Indiana,Jay,44,"246,000"
Indiana,Jefferson,-,-
Indiana,Jennings,2,(D)
Indiana,Johnson,-,-
Indiana,Knox,7,"40,110"
Indiana,Kosciusko,17,"115,367"
Indiana,LaGrange,19,"38,330"
Indiana,Lake,-,-
Indiana,LaPorte,4,"6,100"
Indiana,Lawrence,-,-
Indiana,Madison,-,-
Indiana,Marion,-,-
Indiana,Marshall,4,"6,400"
Indiana,Martin,6,(D)
Indiana,Miami,23,"225,813"
Indiana,Monroe,-,-
Indiana,Montgomery,2,(D)
Indiana,Morgan,2,(D)
Indiana,Newton,5,"55,655"
Indiana,Noble,10,"44,166"
Indiana,Ohio,-,-
Indiana,Orange,1,(D)
Indiana,Owen,-,-
Indiana,Parke,-,-
Indiana,Perry,3,"15,976"
Indiana,Pike,3,"6,800"
Indiana,Porter,-,-
Indiana,Posey,3,(D)
Indiana,Pulaski,7,"93,700"
Indiana,Putnam,6,"77,026"
Indiana,Randolph,26,"159,860"
Indiana,Ripley,7,"20,700"
Indiana,Rush,14,"71,832"
Indiana,St.Joseph,4,"34,295"
Indiana,Scott,1,(D)
Indiana,Shelby,2,(D)
Indiana,Spencer,4,"11,410"
Indiana,Starke,2,(D)
Indiana,Steuben,2,(D)
Indiana,Sullivan,-,-
Indiana,Switzerland,-,-
Indiana,Tippecanoe,7,"57,888"
Indiana,Tipton,9,"67,700"
Indiana,Union,2,(D)
Indiana,Vanderburgh,-,-
Indiana,Vermillion,1,(D)
Indiana,Vigo,-,-
Indiana,Wabash,24,"171,567"
Indiana,Warren,1,(D)
Indiana,Warrick,1,(D)
Indiana,Washington,3,"13,000"
Indiana,Wayne,3,"19,023"
Indiana,Wells,24,"254,756"
Indiana,White,27,"290,488"
Indiana,Whitley,19,"105,824"
Iowa,Iowa,"3,415","23,455,852"
Iowa,Adair,8,"50,134"
Iowa,Adams,10,"48,753"
Iowa,Allamakee,18,"123,900"
Iowa,Appanoose,-,-
Iowa,Audubon,35,"227,555"
Iowa,Benton,15,"114,773"
Iowa,BlackHawk,46,"341,940"
Iowa,Boone,17,"128,110"
Iowa,Bremer,43,"226,500"
Iowa,Buchanan,55,"334,194"
Iowa,BuenaVista,75,"547,853"
Iowa,Butler,39,"315,305"
Iowa,Calhoun,44,"336,906"
Iowa,Carroll,74,"678,810"
Iowa,Cass,7,"100,336"
Iowa,Cedar,40,"263,047"
Iowa,CerroGordo,18,"107,528"
Iowa,Cherokee,47,"244,212"
Iowa,Chickasaw,33,"326,993"
Iowa,Clarke,3,"96,152"
Iowa,Clay,33,"190,143"
Iowa,Clayton,35,"318,439"
Iowa,Clinton,29,"117,960"
Iowa,Crawford,48,"460,626"
Iowa,Dallas,5,"35,460"
Iowa,Davis,8,"109,797"
Iowa,Decatur,6,"63,213"
Iowa,Delaware,106,"457,206"
Iowa,DesMoines,13,"40,845"
Iowa,Dickinson,13,"54,548"
Iowa,Dubuque,31,"91,713"
Iowa,Emmet,21,"183,186"
Iowa,Fayette,29,"311,826"
Iowa,Floyd,30,"217,582"
Iowa,Franklin,66,"563,275"
Iowa,Fremont,1,(D)
Iowa,Greene,36,"240,552"
Iowa,Grundy,34,"215,748"
Iowa,Guthrie,27,"131,678"
Iowa,Hamilton,60,"676,560"
Iowa,Hancock,53,"358,592"
Iowa,Hardin,72,"856,750"
Iowa,Harrison,5,"22,690"
Iowa,Henry,29,"71,684"
Iowa,Howard,34,"531,434"
Iowa,Humboldt,21,"112,238"
Iowa,Ida,5,(D)
Iowa,Iowa,20,"114,244"
Iowa,Jackson,17,"60,731"
Iowa,Jasper,36,"166,157"
Iowa,Jefferson,14,"56,525"
Iowa,Johnson,38,"155,814"
Iowa,Jones,19,"64,230"
Iowa,Keokuk,35,"166,012"
Iowa,Kossuth,97,"537,666"
Iowa,Lee,16,"61,796"
Iowa,Linn,13,"155,370"
Iowa,Louisa,36,"328,940"
Iowa,Lucas,3,"39,834"
Iowa,Lyon,207,"959,384"
Iowa,Madison,8,"54,774"
Iowa,Mahaska,56,"331,363"
Iowa,Marion,6,"23,000"
Iowa,Marshall,25,"144,886"
Iowa,Mills,-,-
Iowa,Mitchell,34,"230,172"
Iowa,Monona,3,(D)
Iowa,Monroe,1,(D)
Iowa,Montgomery,5,"26,039"
Iowa,Muscatine,24,"67,985"
Iowa,O'Brien,140,"466,363"
Iowa,Osceola,81,"469,791"
Iowa,Page,4,(D)
Iowa,PaloAlto,67,"790,658"
Iowa,Plymouth,153,"908,929"
Iowa,Pocahontas,22,"291,015"
Iowa,Polk,1,(D)
Iowa,Pottawattamie,19,"88,202"
Iowa,Poweshiek,12,"83,014"
Iowa,Ringgold,7,"93,658"
Iowa,Sac,45,"337,676"
Iowa,Scott,10,"273,080"
Iowa,Shelby,23,"196,748"
Iowa,Sioux,286,"1,428,669"
Iowa,Story,21,"102,793"
Iowa,Tama,31,"147,459"
Iowa,Taylor,5,"54,057"
Iowa,Union,6,"91,539"
Iowa,VanBuren,14,"115,582"
Iowa,Wapello,12,"65,200"
Iowa,Warren,1,(D)
Iowa,Washington,142,"1,476,521"
Iowa,Wayne,2,(D)
Iowa,Webster,32,"160,138"
Iowa,Winnebago,19,"193,677"
Iowa,Winneshiek,32,"150,108"
Iowa,Woodbury,6,"36,313"
Iowa,Worth,11,"39,392"
Iowa,Wright,21,"428,948"
Kansas,Kansas,117,"1,875,938"
Kansas,Allen,-,-
Kansas,Anderson,-,-
Kansas,Atchison,-,-
Kansas,Barber,-,-
Kansas,Barton,3,"10,596"
Kansas,Bourbon,-,-
Kansas,Brown,4,"10,398"
Kansas,Butler,4,"16,800"
Kansas,Chase,-,-
Kansas,Chautauqua,-,-
Kansas,Cherokee,-,-
Kansas,Cheyenne,-,-
Kansas,Clark,-,-
Kansas,Clay,7,"55,090"
Kansas,Cloud,-,-
Kansas,Coffey,-,-
Kansas,Comanche,-,-
Kansas,Cowley,-,-
Kansas,Crawford,-,-
Kansas,Decatur,-,-
Kansas,Dickinson,-,-
Kansas,Doniphan,-,-
Kansas,Douglas,-,-
Kansas,Edwards,-,-
Kansas,Elk,-,-
Kansas,Ellis,-,-
Kansas,Ellsworth,-,-
Kansas,Finney,-,-
Kansas,Ford,-,-
Kansas,Franklin,3,"11,300"
Kansas,Geary,4,(D)
Kansas,Gove,-,-
Kansas,Graham,-,-
Kansas,Grant,2,(D)
Kansas,Gray,1,(D)
Kansas,Greeley,1,(D)
Kansas,Greenwood,-,-
Kansas,Hamilton,-,-
Kansas,Harper,-,-
Kansas,Harvey,6,"14,900"
Kansas,Haskell,-,-
Kansas,Hodgeman,-,-
Kansas,Jackson,2,(D)
Kansas,Jefferson,-,-
Kansas,Jewell,-,-
Kansas,Johnson,-,-
Kansas,Kearny,1,(D)
Kansas,Kingman,-,-
Kansas,Kiowa,-,-
Kansas,Labette,-,-
Kansas,Lane,-,-
Kansas,Leavenworth,-,-
Kansas,Lincoln,-,-
Kansas,Linn,-,-
Kansas,Logan,-,-
Kansas,Lyon,-,-
Kansas,McPherson,12,"36,307"
Kansas,Marion,14,"32,700"
Kansas,Marshall,3,"6,900"
Kansas,Meade,-,-
Kansas,Miami,-,-
Kansas,Mitchell,1,(D)
Kansas,Montgomery,1,(D)
Kansas,Morris,-,-
Kansas,Morton,2,(D)
Kansas,Nemaha,18,"323,270"
Kansas,Neosho,-,-
Kansas,Ness,-,-
Kansas,Norton,1,(D)
Kansas,Osage,-,-
Kansas,Osborne,-,-
Kansas,Ottawa,-,-
Kansas,Pawnee,-,-
Kansas,Phillips,4,(D)
Kansas,Pottawatomie,1,(D)
Kansas,Pratt,2,(D)
Kansas,Rawlins,-,-
Kansas,Reno,2,(D)
Kansas,Republic,-,-
Kansas,Rice,1,(D)
Kansas,Riley,1,(D)
Kansas,Rooks,-,-
Kansas,Rush,1,(D)
Kansas,Russell,-,-
Kansas,Saline,-,-
Kansas,Scott,2,(D)
Kansas,Sedgwick,-,-
Kansas,Seward,-,-
Kansas,Shawnee,-,-
Kansas,Sheridan,-,-
Kansas,Sherman,-,-
Kansas,Smith,-,-
Kansas,Stafford,1,(D)
Kansas,Stanton,1,(D)
Kansas,Stevens,1,(D)
Kansas,Sumner,-,-
Kansas,Thomas,-,-
Kansas,Trego,-,-
Kansas,Wabaunsee,1,(D)
Kansas,Wallace,1,(D)
Kansas,Washington,7,"105,103"
Kansas,Wichita,1,(D)
Kansas,Wilson,-,-
Kansas,Woodson,-,-
Kansas,Wyandotte,-,-
Kentucky,Kentucky,36,"435,691"
Kentucky,Adair,-,-
Kentucky,Allen,1,(D)
Kentucky,Anderson,-,-
Kentucky,Ballard,-,-
Kentucky,Barren,-,-
Kentucky,Bath,-,-
Kentucky,Bell,-,-
Kentucky,Boone,-,-
Kentucky,Bourbon,-,-
Kentucky,Boyd,-,-
Kentucky,Boyle,-,-
Kentucky,Bracken,-,-
Kentucky,Breathitt,-,-
Kentucky,Breckinridge,-,-
Kentucky,Bullitt,-,-
Kentucky,Butler,-,-
Kentucky,Caldwell,-,-
Kentucky,Calloway,1,(D)
Kentucky,Campbell,-,-
Kentucky,Carlisle,2,(D)
Kentucky,Carroll,-,-
Kentucky,Carter,-,-
Kentucky,Casey,-,-
Kentucky,Christian,-,-
Kentucky,Clark,-,-
Kentucky,Clay,-,-
Kentucky,Clinton,-,-
Kentucky,Crittenden,-,-
Kentucky,Cumberland,-,-
Kentucky,Daviess,1,(D)
Kentucky,Edmonson,-,-
Kentucky,Elliott,-,-
Kentucky,Estill,-,-
Kentucky,Fayette,-,-
Kentucky,Fleming,-,-
Kentucky,Floyd,-,-
Kentucky,Franklin,-,-
Kentucky,Fulton,2,(D)
Kentucky,Gallatin,-,-
Kentucky,Garrard,-,-
Kentucky,Grant,-,-
Kentucky,Graves,4,"29,800"
Kentucky,Grayson,-,-
Kentucky,Green,-,-
Kentucky,Greenup,-,-
Kentucky,Hancock,-,-
Kentucky,Hardin,5,"23,450"
Kentucky,Harlan,-,-
Kentucky,Harrison,-,-
Kentucky,Hart,-,-
Kentucky,Henderson,-,-
Kentucky,Henry,-,-
Kentucky,Hickman,5,"23,800"
Kentucky,Hopkins,1,(D)
Kentucky,Jackson,-,-
Kentucky,Jefferson,-,-
Kentucky,Jessamine,-,-
Kentucky,Johnson,-,-
Kentucky,Kenton,-,-
Kentucky,Knott,-,-
Kentucky,Knox,-,-
Kentucky,Larue,-,-
Kentucky,Laurel,-,-
Kentucky,Lawrence,-,-
Kentucky,Lee,-,-
Kentucky,Leslie,-,-
Kentucky,Letcher,-,-
Kentucky,Lewis,-,-
Kentucky,Lincoln,-,-
Kentucky,Livingston,-,-
Kentucky,Logan,1,(D)
Kentucky,Lyon,-,-
Kentucky,McCracken,-,-
Kentucky,McCreary,-,-
Kentucky,McLean,-,-
Kentucky,Madison,-,-
Kentucky,Magoffin,-,-
Kentucky,Marion,1,(D)
Kentucky,Marshall,2,(D)
Kentucky,Martin,-,-
Kentucky,Mason,-,-
Kentucky,Meade,-,-
Kentucky,Menifee,-,-
Kentucky,Mercer,-,-
Kentucky,Metcalfe,-,-
Kentucky,Monroe,-,-
Kentucky,Montgomery,-,-
Kentucky,Morgan,-,-
Kentucky,Muhlenberg,2,(D)
Kentucky,Nelson,-,-
Kentucky,Nicholas,-,-
Kentucky,Ohio,-,-
Kentucky,Oldham,-,-
Kentucky,Owen,-,-
Kentucky,Owsley,-,-
Kentucky,Pendleton,-,-
Kentucky,Perry,-,-
Kentucky,Pike,-,-
Kentucky,Powell,-,-
Kentucky,Pulaski,-,-
Kentucky,Robertson,-,-
Kentucky,Rockcastle,-,-
Kentucky,Rowan,-,-
Kentucky,Russell,-,-
Kentucky,Scott,-,-
Kentucky,Shelby,-,-
Kentucky,Simpson,-,-
Kentucky,Spencer,-,-
Kentucky,Taylor,-,-
Kentucky,Todd,5,"24,200"
Kentucky,Trigg,-,-
Kentucky,Trimble,-,-
Kentucky,Union,-,-
Kentucky,Warren,3,(D)
Kentucky,Washington,-,-
Kentucky,Wayne,-,-
Kentucky,Webster,-,-
Kentucky,Whitley,-,-
Kentucky,Wolfe,-,-
Kentucky,Woodford,-,-
Louisiana,Louisiana,-,-
Louisiana,Acadia,-,-
Louisiana,Allen,-,-
Louisiana,Ascension,-,-
Louisiana,Assumption,-,-
Louisiana,Avoyelles,-,-
Louisiana,Beauregard,-,-
Louisiana,Bienville,-,-
Louisiana,Bossier,-,-
Louisiana,Caddo,-,-
Louisiana,Calcasieu,-,-
Louisiana,Caldwell,-,-
Louisiana,Cameron,-,-
Louisiana,Catahoula,-,-
Louisiana,Claiborne,-,-
Louisiana,Concordia,-,-
Louisiana,DeSoto,-,-
Louisiana,EastBatonRouge,-,-
Louisiana,EastCarroll,-,-
Louisiana,EastFeliciana,-,-
Louisiana,Evangeline,-,-
Louisiana,Franklin,-,-
Louisiana,Grant,-,-
Louisiana,Iberia,-,-
Louisiana,Iberville,-,-
Louisiana,Jackson,-,-
Louisiana,Jefferson,-,-
Louisiana,JeffersonDavis,-,-
Louisiana,Lafayette,-,-
Louisiana,Lafourche,-,-
Louisiana,LaSalle,-,-
Louisiana,Lincoln,-,-
Louisiana,Livingston,-,-
Louisiana,Madison,-,-
Louisiana,Morehouse,-,-
Louisiana,Natchitoches,-,-
Louisiana,Orleans,-,-
Louisiana,Ouachita,-,-
Louisiana,Plaquemines,-,-
Louisiana,PointeCoupee,-,-
Louisiana,Rapides,-,-
Louisiana,RedRiver,-,-
Louisiana,Richland,-,-
Louisiana,Sabine,-,-
Louisiana,St.Bernard,-,-
Louisiana,St.Charles,-,-
Louisiana,St.Helena,-,-
Louisiana,St.James,-,-
Louisiana,St.JohntheBaptist,-,-
Louisiana,St.Landry,-,-
Louisiana,St.Martin,-,-
Louisiana,St.Mary,-,-
Louisiana,St.Tammany,-,-
Louisiana,Tangipahoa,-,-
Louisiana,Tensas,-,-
Louisiana,Terrebonne,-,-
Louisiana,Union,-,-
Louisiana,Vermilion,-,-
Louisiana,Vernon,-,-
Louisiana,Washington,-,-
Louisiana,Webster,-,-
Louisiana,WestBatonRouge,-,-
Louisiana,WestCarroll,-,-
Louisiana,WestFeliciana,-,-
Louisiana,Winn,-,-
Maine,Maine,-,-
Maine,Androscoggin,-,-
Maine,Aroostook,-,-
Maine,Cumberland,-,-
Maine,Franklin,-,-
Maine,Hancock,-,-
Maine,Kennebec,-,-
Maine,Knox,-,-
Maine,Lincoln,-,-
Maine,Oxford,-,-
Maine,Penobscot,-,-
Maine,Piscataquis,-,-
Maine,Sagadahoc,-,-
Maine,Somerset,-,-
Maine,Waldo,-,-
Maine,Washington,-,-
Maine,York,-,-
Maryland,Maryland,4,"11,100"
Maryland,Allegany,-,-
Maryland,AnneArundel,-,-
Maryland,Baltimore,-,-
Maryland,Calvert,-,-
Maryland,Caroline,-,-
Maryland,Carroll,-,-
Maryland,Cecil,1,(D)
Maryland,Charles,-,-
Maryland,Dorchester,-,-
Maryland,Frederick,1,(D)
Maryland,Garrett,-,-
Maryland,Harford,-,-
Maryland,Howard,-,-
Maryland,Kent,1,(D)
Maryland,Montgomery,-,-
Maryland,PrinceGeorge's,-,-
Maryland,QueenAnne's,-,-
Maryland,St.Mary's,-,-
Maryland,Somerset,-,-
Maryland,Talbot,-,-
Maryland,Washington,1,(D)
Maryland,Wicomico,-,-
Maryland,Worcester,-,-
Massachusetts,Massachusetts,1,1000.0
Massachusetts,Barnstable,-,-
Massachusetts,Berkshire,-,-
Massachusetts,Bristol,-,-
Massachusetts,Dukes,-,-
Massachusetts,Essex,-,-
Massachusetts,Franklin,-,-
Massachusetts,Hampden,-,-
Massachusetts,Hampshire,1,1000.0
Massachusetts,Middlesex,-,-
Massachusetts,Nantucket,-,-
Massachusetts,Norfolk,-,-
Massachusetts,Plymouth,-,-
Massachusetts,Suffolk,-,-
Massachusetts,Worcester,-,-
Michigan,Michigan,188,"1,196,594"
Michigan,Alcona,-,-
Michigan,Alger,-,-
Michigan,Allegan,25,"219,540"
Michigan,Alpena,-,-
Michigan,Antrim,-,-
Michigan,Arenac,-,-
Michigan,Baraga,-,-
Michigan,Barry,-,-
Michigan,Bay,-,-
Michigan,Benzie,-,-
Michigan,Berrien,6,"22,702"
Michigan,Branch,12,"74,421"
Michigan,Calhoun,2,(D)
Michigan,Cass,16,"108,778"
Michigan,Charlevoix,-,-
Michigan,Cheboygan,-,-
Michigan,Chippewa,-,-
Michigan,Clare,-,-
Michigan,Clinton,4,"16,400"
Michigan,Crawford,-,-
Michigan,Delta,-,-
Michigan,Dickinson,-,-
Michigan,Eaton,-,-
Michigan,Emmet,-,-
Michigan,Genesee,-,-
Michigan,Gladwin,-,-
Michigan,Gogebic,-,-
Michigan,GrandTraverse,4,"11,000"
Michigan,Gratiot,7,"40,900"
Michigan,Hillsdale,4,"32,500"
Michigan,Houghton,-,-
Michigan,Huron,14,"46,280"
Michigan,Ingham,-,-
Michigan,Ionia,10,"47,800"
Michigan,Iosco,-,-
Michigan,Iron,-,-
Michigan,Isabella,-,-
Michigan,Jackson,-,-
Michigan,Kalamazoo,9,"108,157"
Michigan,Kalkaska,-,-
Michigan,Kent,4,"20,600"
Michigan,Keweenaw,-,-
Michigan,Lake,-,-
Michigan,Lapeer,-,-
Michigan,Leelanau,-,-
Michigan,Lenawee,1,(D)
Michigan,Livingston,-,-
Michigan,Luce,-,-
Michigan,Mackinac,-,-
Michigan,Macomb,-,-
Michigan,Manistee,-,-
Michigan,Marquette,-,-
Michigan,Mason,4,"15,000"
Michigan,Mecosta,5,"130,800"
Michigan,Menominee,-,-
Michigan,Midland,2,(D)
Michigan,Missaukee,-,-
Michigan,Monroe,-,-
Michigan,Montcalm,10,"30,120"
Michigan,Montmorency,-,-
Michigan,Muskegon,4,"4,180"
Michigan,Newaygo,-,-
Michigan,Oakland,-,-
Michigan,Oceana,8,"49,597"
Michigan,Ogemaw,-,-
Michigan,Ontonagon,-,-
Michigan,Osceola,3,"14,400"
Michigan,Oscoda,-,-
Michigan,Otsego,-,-
Michigan,Ottawa,20,"67,565"
Michigan,PresqueIsle,-,-
Michigan,Roscommon,-,-
Michigan,Saginaw,2,(D)
Michigan,St.Clair,-,-
Michigan,St.Joseph,7,"22,304"
Michigan,Sanilac,1,(D)
Michigan,Schoolcraft,-,-
Michigan,Shiawassee,-,-
Michigan,Tuscola,3,"15,000"
Michigan,VanBuren,1,(D)
Michigan,Washtenaw,-,-
Michigan,Wayne,-,-
Michigan,Wexford,-,-
Minnesota,Minnesota,"1,536","8,711,278"
Minnesota,Aitkin,-,-
Minnesota,Anoka,-,-
Minnesota,Becker,3,(D)
Minnesota,Beltrami,-,-
Minnesota,Benton,7,"33,872"
Minnesota,BigStone,5,(D)
Minnesota,BlueEarth,83,"664,638"
Minnesota,Brown,37,"238,967"
Minnesota,Carlton,-,-
Minnesota,Carver,4,"25,500"
Minnesota,Cass,-,-
Minnesota,Chippewa,11,"59,653"
Minnesota,Chisago,-,-
Minnesota,Clay,3,"13,500"
Minnesota,Clearwater,-,-
Minnesota,Cook,-,-
Minnesota,Cottonwood,42,"339,847"
Minnesota,CrowWing,-,-
Minnesota,Dakota,2,(D)
Minnesota,Dodge,19,"241,533"
Minnesota,Douglas,-,-
Minnesota,Faribault,53,"274,674"
Minnesota,Fillmore,32,"128,656"
Minnesota,Freeborn,34,"217,185"
Minnesota,Goodhue,31,"96,419"
Minnesota,Grant,1,(D)
Minnesota,Hennepin,-,-
Minnesota,Houston,7,"18,400"
Minnesota,Hubbard,-,-
Minnesota,Isanti,5,"19,000"
Minnesota,Itasca,-,-
Minnesota,Jackson,45,"224,313"
Minnesota,Kanabec,1,(D)
Minnesota,Kandiyohi,22,"136,744"
Minnesota,Kittson,-,-
Minnesota,Koochiching,-,-
Minnesota,LacquiParle,38,"158,662"
Minnesota,Lake,-,-
Minnesota,LakeoftheWoods,-,-
Minnesota,LeSueur,26,"98,959"
Minnesota,Lincoln,16,"129,327"
Minnesota,Lyon,64,"437,573"
Minnesota,McLeod,2,(D)
Minnesota,Mahnomen,-,-
Minnesota,Marshall,-,-
Minnesota,Martin,149,"842,013"
Minnesota,Meeker,1,(D)
Minnesota,MilleLacs,-,-
Minnesota,Morrison,22,"56,536"
Minnesota,Mower,51,"229,466"
Minnesota,Murray,46,"194,506"
Minnesota,Nicollet,77,"400,615"
Minnesota,Nobles,96,"499,370"
Minnesota,Norman,2,(D)
Minnesota,Olmsted,6,"36,518"
Minnesota,OtterTail,-,-
Minnesota,Pennington,-,-
Minnesota,Pine,-,-
Minnesota,Pipestone,24,"300,258"
Minnesota,Polk,1,(D)
Minnesota,Pope,8,"68,327"
Minnesota,Ramsey,-,-
Minnesota,RedLake,-,-
Minnesota,Redwood,80,"347,554"
Minnesota,Renville,45,"251,615"
Minnesota,Rice,25,"146,197"
Minnesota,Rock,88,"396,599"
Minnesota,Roseau,6,"13,200"
Minnesota,St.Louis,-,-
Minnesota,Scott,1,(D)
Minnesota,Sherburne,2,(D)
Minnesota,Sibley,19,"76,115"
Minnesota,Stearns,11,"57,500"
Minnesota,Steele,24,"108,824"
Minnesota,Stevens,31,"202,528"
Minnesota,Swift,7,"26,584"
Minnesota,Todd,1,(D)
Minnesota,Traverse,5,(D)
Minnesota,Wabasha,9,"39,740"
Minnesota,Wadena,-,-
Minnesota,Waseca,41,"214,046"
Minnesota,Washington,-,-
Minnesota,Watonwan,33,"246,735"
Minnesota,Wilkin,-,-
Minnesota,Winona,3,"55,061"
Minnesota,Wright,1,(D)
Minnesota,YellowMedicine,28,"211,930"
Mississippi,Mississippi,16,"169,876"
Mississippi,Adams,-,-
Mississippi,Alcorn,-,-
Mississippi,Amite,-,-
Mississippi,Attala,-,-
Mississippi,Benton,-,-
Mississippi,Bolivar,-,-
Mississippi,Calhoun,-,-
Mississippi,Carroll,-,-
Mississippi,Chickasaw,4,"57,100"
Mississippi,Choctaw,1,(D)
Mississippi,Claiborne,-,-
Mississippi,Clarke,-,-
Mississippi,Clay,4,"68,500"
Mississippi,Coahoma,-,-
Mississippi,Copiah,-,-
Mississippi,Covington,-,-
Mississippi,DeSoto,-,-
Mississippi,Forrest,-,-
Mississippi,Franklin,-,-
Mississippi,George,-,-
Mississippi,Greene,-,-
Mississippi,Grenada,-,-
Mississippi,Hancock,-,-
Mississippi,Harrison,-,-
Mississippi,Hinds,-,-
Mississippi,Holmes,-,-
Mississippi,Humphreys,-,-
Mississippi,Issaquena,-,-
Mississippi,Itawamba,-,-
Mississippi,Jackson,-,-
Mississippi,Jasper,-,-
Mississippi,Jefferson,-,-
Mississippi,JeffersonDavis,-,-
Mississippi,Jones,-,-
Mississippi,Kemper,-,-
Mississippi,Lafayette,-,-
Mississippi,Lamar,-,-
Mississippi,Lauderdale,-,-
Mississippi,Lawrence,-,-
Mississippi,Leake,-,-
Mississippi,Lee,-,-
Mississippi,Leflore,-,-
Mississippi,Lincoln,-,-
Mississippi,Lowndes,1,(D)
Mississippi,Madison,-,-
Mississippi,Marion,-,-
Mississippi,Marshall,-,-
Mississippi,Monroe,-,-
Mississippi,Montgomery,1,(D)
Mississippi,Neshoba,-,-
Mississippi,Newton,-,-
Mississippi,Noxubee,2,(D)
Mississippi,Oktibbeha,2,(D)
Mississippi,Panola,-,-
Mississippi,PearlRiver,-,-
Mississippi,Perry,-,-
Mississippi,Pike,-,-
Mississippi,Pontotoc,-,-
Mississippi,Prentiss,-,-
Mississippi,Quitman,-,-
Mississippi,Rankin,-,-
Mississippi,Scott,-,-
Mississippi,Sharkey,-,-
Mississippi,Simpson,-,-
Mississippi,Smith,-,-
Mississippi,Stone,-,-
Mississippi,Sunflower,-,-
Mississippi,Tallahatchie,-,-
Mississippi,Tate,-,-
Mississippi,Tippah,-,-
Mississippi,Tishomingo,-,-
Mississippi,Tunica,-,-
Mississippi,Union,-,-
Mississippi,Walthall,-,-
Mississippi,Warren,-,-
Mississippi,Washington,-,-
Mississippi,Wayne,-,-
Mississippi,Webster,1,(D)
Mississippi,Wilkinson,-,-
Mississippi,Winston,-,-
Mississippi,Yalobusha,-,-
Mississippi,Yazoo,-,-
Missouri,Missouri,413,"3,237,377"
Missouri,Adair,-,-
Missouri,Andrew,-,-
Missouri,Atchison,-,-
Missouri,Audrain,12,"116,757"
Missouri,Barry,-,-
Missouri,Barton,18,"164,623"
Missouri,Bates,6,"40,968"
Missouri,Benton,1,(D)
Missouri,Bollinger,-,-
Missouri,Boone,1,(D)
Missouri,Buchanan,-,-
Missouri,Butler,-,-
Missouri,Caldwell,1,(D)
Missouri,Callaway,11,"208,069"
Missouri,Camden,3,"37,500"
Missouri,CapeGirardeau,-,-
Missouri,Carroll,1,(D)
Missouri,Carter,-,-
Missouri,Cass,3,"29,801"
Missouri,Cedar,-,-
Missouri,Chariton,7,"46,530"
Missouri,Christian,-,-
Missouri,Clark,4,"19,200"
Missouri,Clay,-,-
Missouri,Clinton,1,(D)
Missouri,Cole,-,-
Missouri,Cooper,1,(D)
Missouri,Crawford,-,-
Missouri,Dade,-,-
Missouri,Dallas,1,(D)
Missouri,Daviess,14,"130,332"
Missouri,DeKalb,-,-
Missouri,Dent,-,-
Missouri,Douglas,-,-
Missouri,Dunklin,-,-
Missouri,Franklin,4,"34,147"
Missouri,Gasconade,-,-
Missouri,Gentry,9,"128,158"
Missouri,Greene,-,-
Missouri,Grundy,5,"43,120"
Missouri,Harrison,2,(D)
Missouri,Henry,8,"52,000"
Missouri,Hickory,-,-
Missouri,Holt,-,-
Missouri,Howard,-,-
Missouri,Howell,-,-
Missouri,Iron,-,-
Missouri,Jackson,-,-
Missouri,Jasper,-,-
Missouri,Jefferson,-,-
Missouri,Johnson,1,(D)
Missouri,Knox,11,(D)
Missouri,Laclede,1,(D)
Missouri,Lafayette,9,"34,950"
Missouri,Lawrence,-,-
Missouri,Lewis,1,(D)
Missouri,Lincoln,2,(D)
Missouri,Linn,1,(D)
Missouri,Livingston,6,"30,000"
Missouri,McDonald,-,-
Missouri,Macon,3,"28,000"
Missouri,Madison,1,(D)
Missouri,Maries,5,"27,897"
Missouri,Marion,10,(D)
Missouri,Mercer,7,"164,790"
Missouri,Miller,25,"101,516"
Missouri,Mississippi,-,-
Missouri,Moniteau,-,-
Missouri,Monroe,18,"82,800"
Missouri,Montgomery,2,(D)
Missouri,Morgan,22,"86,180"
Missouri,NewMadrid,-,-
Missouri,Newton,-,-
Missouri,Nodaway,-,-
Missouri,Oregon,-,-
Missouri,Osage,5,"12,250"
Missouri,Ozark,-,-
Missouri,Pemiscot,-,-
Missouri,Perry,-,-
Missouri,Pettis,30,"129,200"
Missouri,Phelps,-,-
Missouri,Pike,6,"41,100"
Missouri,Platte,-,-
Missouri,Polk,-,-
Missouri,Pulaski,6,"30,000"
Missouri,Putnam,14,"150,002"
Missouri,Ralls,3,"14,880"
Missouri,Randolph,3,(D)
Missouri,Ray,-,-
Missouri,Reynolds,-,-
Missouri,Ripley,-,-
Missouri,St.Charles,7,"26,766"
Missouri,St.Clair,-,-
Missouri,Ste.Genevieve,1,(D)
Missouri,St.Francois,-,-
Missouri,St.Louis,-,-
Missouri,Saline,13,"162,063"
Missouri,Schuyler,10,"34,200"
Missouri,Scotland,33,"136,410"
Missouri,Scott,1,(D)
Missouri,Shannon,-,-
Missouri,Shelby,21,"166,452"
Missouri,Stoddard,-,-
Missouri,Stone,-,-
Missouri,Sullivan,7,(D)
Missouri,Taney,-,-
Missouri,Texas,-,-
Missouri,Vernon,8,"178,400"
Missouri,Warren,1,(D)
Missouri,Washington,-,-
Missouri,Wayne,-,-
Missouri,Webster,-,-
Missouri,Worth,6,(D)
Missouri,Wright,-,-
Montana,Montana,43,"225,996"
Montana,Beaverhead,-,-
Montana,BigHorn,-,-
Montana,Blaine,1,(D)
Montana,Broadwater,-,-
Montana,Carbon,-,-
Montana,Carter,-,-
Montana,Cascade,7,"44,649"
Montana,Chouteau,2,(D)
Montana,Custer,-,-
Montana,Daniels,-,-
Montana,Dawson,-,-
Montana,DeerLodge,-,-
Montana,Fallon,-,-
Montana,Fergus,-,-
Montana,Flathead,3,"3,000"
Montana,Gallatin,-,-
Montana,Garfield,-,-
Montana,Glacier,5,"22,348"
Montana,GoldenValley,1,(D)
Montana,Granite,-,-
Montana,Hill,4,(D)
Montana,Jefferson,-,-
Montana,JudithBasin,-,-
Montana,Lake,-,-
Montana,LewisandClark,2,(D)
Montana,Liberty,3,"16,632"
Montana,Lincoln,-,-
Montana,McCone,1,(D)
Montana,Madison,-,-
Montana,Meagher,1,(D)
Montana,Mineral,-,-
Montana,Missoula,-,-
Montana,Musselshell,-,-
Montana,Park,-,-
Montana,Petroleum,-,-
Montana,Phillips,-,-
Montana,Pondera,4,(D)
Montana,PowderRiver,-,-
Montana,Powell,-,-
Montana,Prairie,-,-
Montana,Ravalli,-,-
Montana,Richland,-,-
Montana,Roosevelt,-,-
Montana,Rosebud,-,-
Montana,Sanders,-,-
Montana,Sheridan,-,-
Montana,SilverBow,-,-
Montana,Stillwater,-,-
Montana,SweetGrass,-,-
Montana,Teton,2,(D)
Montana,Toole,3,(D)
Montana,Treasure,-,-
Montana,Valley,-,-
Montana,Wheatland,3,"10,973"
Montana,Wibaux,-,-
Montana,Yellowstone,1,(D)
Nebraska,Nebraska,389,"3,523,593"
Nebraska,Adams,6,"48,272"
Nebraska,Antelope,17,"138,674"
Nebraska,Arthur,3,"16,098"
Nebraska,Banner,-,-
Nebraska,Blaine,-,-
Nebraska,Boone,1,(D)
Nebraska,BoxButte,-,-
Nebraska,Boyd,-,-
Nebraska,Brown,2,(D)
Nebraska,Buffalo,2,(D)
Nebraska,Burt,3,(D)
Nebraska,Butler,7,"57,344"
Nebraska,Cass,2,(D)
Nebraska,Cedar,18,"94,403"
Nebraska,Chase,1,(D)
Nebraska,Cherry,-,-
Nebraska,Cheyenne,-,-
Nebraska,Clay,8,(D)
Nebraska,Colfax,19,"75,457"
Nebraska,Cuming,28,"197,499"
Nebraska,Custer,1,(D)
Nebraska,Dakota,4,"19,100"
Nebraska,Dawes,-,-
Nebraska,Dawson,6,"110,945"
Nebraska,Deuel,-,-
Nebraska,Dixon,12,"46,200"
Nebraska,Dodge,12,"46,738"
Nebraska,Douglas,-,-
Nebraska,Dundy,-,-
Nebraska,Fillmore,8,(D)
Nebraska,Franklin,-,-
Nebraska,Frontier,-,-
Nebraska,Furnas,1,(D)
Nebraska,Gage,10,"27,956"
Nebraska,Garden,-,-
Nebraska,Garfield,-,-
Nebraska,Gosper,1,(D)
Nebraska,Grant,-,-
Nebraska,Greeley,1,(D)
Nebraska,Hall,4,"7,238"
Nebraska,Hamilton,2,(D)
Nebraska,Harlan,2,(D)
Nebraska,Hayes,-,-
Nebraska,Hitchcock,-,-
Nebraska,Holt,6,(D)
Nebraska,Hooker,-,-
Nebraska,Howard,1,(D)
Nebraska,Jefferson,3,(D)
Nebraska,Johnson,2,(D)
Nebraska,Kearney,-,-
Nebraska,Keith,-,-
Nebraska,KeyaPaha,-,-
Nebraska,Kimball,-,-
Nebraska,Knox,22,"119,070"
Nebraska,Lancaster,3,"9,015"
Nebraska,Lincoln,-,-
Nebraska,Logan,-,-
Nebraska,Loup,-,-
Nebraska,McPherson,-,-
Nebraska,Madison,12,"40,630"
Nebraska,Merrick,2,(D)
Nebraska,Morrill,-,-
Nebraska,Nance,4,"56,069"
Nebraska,Nemaha,-,-
Nebraska,Nuckolls,-,-
Nebraska,Otoe,9,"50,610"
Nebraska,Pawnee,-,-
Nebraska,Perkins,3,(D)
Nebraska,Phelps,1,(D)
Nebraska,Pierce,23,"38,517"
Nebraska,Platte,49,"566,895"
Nebraska,Polk,7,"37,798"
Nebraska,RedWillow,5,"27,812"
Nebraska,Richardson,2,(D)
Nebraska,Rock,-,-
Nebraska,Saline,8,"28,820"
Nebraska,Sarpy,-,-
Nebraska,Saunders,2,(D)
Nebraska,ScottsBluff,3,"57,678"
Nebraska,Seward,4,"24,696"
Nebraska,Sheridan,-,-
Nebraska,Sherman,-,-
Nebraska,Sioux,-,-
Nebraska,Stanton,5,"67,251"
Nebraska,Thayer,1,(D)
Nebraska,Thomas,3,"35,100"
Nebraska,Thurston,-,-
Nebraska,Valley,-,-
Nebraska,Washington,7,"26,600"
Nebraska,Wayne,6,"28,040"
Nebraska,Webster,4,"14,122"
Nebraska,Wheeler,1,(D)
Nebraska,York,10,"53,456"
Nevada,Nevada,1,1000.0
Nevada,Churchill,-,-
Nevada,Clark,1,1000.0
Nevada,Douglas,-,-
Nevada,Elko,-,-
Nevada,Esmeralda,-,-
Nevada,Eureka,-,-
Nevada,Humboldt,-,-
Nevada,Lander,-,-
Nevada,Lincoln,-,-
Nevada,Lyon,-,-
Nevada,Mineral,-,-
Nevada,Nye,-,-
Nevada,Pershing,-,-
Nevada,Storey,-,-
Nevada,Washoe,-,-
Nevada,WhitePine,-,-
Nevada,CarsonCity,-,-
New_Hampshire,NewHampshire,1,1000.0
New_Hampshire,Belknap,-,-
New_Hampshire,Carroll,-,-
New_Hampshire,Cheshire,-,-
New_Hampshire,Coos,-,-
New_Hampshire,Grafton,-,-
New_Hampshire,Hillsborough,1,1000.0
New_Hampshire,Merrimack,-,-
New_Hampshire,Rockingham,-,-
New_Hampshire,Strafford,-,-
New_Hampshire,Sullivan,-,-
New_Jersey,NewJersey,-,-
New_Jersey,Atlantic,-,-
New_Jersey,Bergen,-,-
New_Jersey,Burlington,-,-
New_Jersey,Camden,-,-
New_Jersey,CapeMay,-,-
New_Jersey,Cumberland,-,-
New_Jersey,Essex,-,-
New_Jersey,Gloucester,-,-
New_Jersey,Hudson,-,-
New_Jersey,Hunterdon,-,-
New_Jersey,Mercer,-,-
New_Jersey,Middlesex,-,-
New_Jersey,Monmouth,-,-
New_Jersey,Morris,-,-
New_Jersey,Ocean,-,-
New_Jersey,Passaic,-,-
New_Jersey,Salem,-,-
New_Jersey,Somerset,-,-
New_Jersey,Sussex,-,-
New_Jersey,Union,-,-
New_Jersey,Warren,-,-
New_Mexico,NewMexico,-,-
New_Mexico,Bernalillo,-,-
New_Mexico,Catron,-,-
New_Mexico,Chaves,-,-
New_Mexico,Cibola,-,-
New_Mexico,Colfax,-,-
New_Mexico,Curry,-,-
New_Mexico,DeBaca,-,-
New_Mexico,DonaAna,-,-
New_Mexico,Eddy,-,-
New_Mexico,Grant,-,-
New_Mexico,Guadalupe,-,-
New_Mexico,Harding,-,-
New_Mexico,Hidalgo,-,-
New_Mexico,Lea,-,-
New_Mexico,Lincoln,-,-
New_Mexico,LosAlamos,-,-
New_Mexico,Luna,-,-
New_Mexico,McKinley,-,-
New_Mexico,Mora,-,-
New_Mexico,Otero,-,-
New_Mexico,Quay,-,-
New_Mexico,RioArriba,-,-
New_Mexico,Roosevelt,-,-
New_Mexico,Sandoval,-,-
New_Mexico,SanJuan,-,-
New_Mexico,SanMiguel,-,-
New_Mexico,SantaFe,-,-
New_Mexico,Sierra,-,-
New_Mexico,Socorro,-,-
New_Mexico,Taos,-,-
New_Mexico,Torrance,-,-
New_Mexico,Union,-,-
New_Mexico,Valencia,-,-
New_York,NewYork,8,"23,252"
New_York,Albany,-,-
New_York,Allegany,-,-
New_York,Bronx,-,-
New_York,Broome,-,-
New_York,Cattaraugus,-,-
New_York,Cayuga,-,-
New_York,Chautauqua,-,-
New_York,Chemung,-,-
New_York,Chenango,-,-
New_York,Clinton,-,-
New_York,Columbia,-,-
New_York,Cortland,-,-
New_York,Delaware,-,-
New_York,Dutchess,-,-
New_York,Erie,-,-
New_York,Essex,-,-
New_York,Franklin,-,-
New_York,Fulton,-,-
New_York,Genesee,-,-
New_York,Greene,-,-
New_York,Hamilton,-,-
New_York,Herkimer,-,-
New_York,Jefferson,-,-
New_York,Kings,-,-
New_York,Lewis,-,-
New_York,Livingston,-,-
New_York,Madison,-,-
New_York,Monroe,-,-
New_York,Montgomery,-,-
New_York,Nassau,-,-
New_York,NewYork,-,-
New_York,Niagara,-,-
New_York,Oneida,-,-
New_York,Onondaga,-,-
New_York,Ontario,-,-
New_York,Orange,-,-
New_York,Orleans,-,-
New_York,Oswego,-,-
New_York,Otsego,-,-
New_York,Putnam,-,-
New_York,Queens,-,-
New_York,Rensselaer,-,-
New_York,Richmond,-,-
New_York,Rockland,-,-
New_York,St.Lawrence,-,-
New_York,Saratoga,-,-
New_York,Schenectady,-,-
New_York,Schoharie,-,-
New_York,Schuyler,-,-
New_York,Seneca,4,"8,352"
New_York,Steuben,1,(D)
New_York,Suffolk,-,-
New_York,Sullivan,-,-
New_York,Tioga,-,-
New_York,Tompkins,1,(D)
New_York,Ulster,-,-
New_York,Warren,-,-
New_York,Washington,-,-
New_York,Wayne,2,(D)
New_York,Westchester,-,-
New_York,Wyoming,-,-
New_York,Yates,-,-
North_Carolina,NorthCarolina,960,"8,152,933"
North_Carolina,Alamance,-,-
North_Carolina,Alexander,-,-
North_Carolina,Alleghany,-,-
North_Carolina,Anson,6,"54,594"
North_Carolina,Ashe,-,-
North_Carolina,Avery,-,-
North_Carolina,Beaufort,3,"21,214"
North_Carolina,Bertie,1,(D)
North_Carolina,Bladen,51,"688,811"
North_Carolina,Brunswick,7,"55,272"
North_Carolina,Buncombe,-,-
North_Carolina,Burke,-,-
North_Carolina,Cabarrus,1,(D)
North_Carolina,Caldwell,-,-
North_Carolina,Camden,-,-
North_Carolina,Carteret,-,-
North_Carolina,Caswell,-,-
North_Carolina,Catawba,-,-
North_Carolina,Chatham,-,-
North_Carolina,Cherokee,-,-
North_Carolina,Chowan,1,(D)
North_Carolina,Clay,-,-
North_Carolina,Cleveland,-,-
North_Carolina,Columbus,18,"219,519"
North_Carolina,Craven,7,"50,500"
North_Carolina,Cumberland,12,"86,206"
North_Carolina,Currituck,-,-
North_Carolina,Dare,-,-
North_Carolina,Davidson,-,-
North_Carolina,Davie,-,-
North_Carolina,Duplin,258,"1,880,384"
North_Carolina,Durham,-,-
North_Carolina,Edgecombe,8,"89,435"
North_Carolina,Forsyth,-,-
North_Carolina,Franklin,4,"12,500"
North_Carolina,Gaston,-,-
North_Carolina,Gates,2,(D)
North_Carolina,Graham,-,-
North_Carolina,Granville,-,-
North_Carolina,Greene,45,"345,253"
North_Carolina,Guilford,1,(D)
North_Carolina,Halifax,4,"37,000"
North_Carolina,Harnett,13,"83,260"
North_Carolina,Haywood,-,-
North_Carolina,Henderson,-,-
North_Carolina,Hertford,4,(D)
North_Carolina,Hoke,10,"80,708"
North_Carolina,Hyde,-,-
North_Carolina,Iredell,-,-
North_Carolina,Jackson,-,-
North_Carolina,Johnston,25,"143,253"
North_Carolina,Jones,23,(D)
North_Carolina,Lee,-,-
North_Carolina,Lenoir,46,"242,934"
North_Carolina,Lincoln,-,-
North_Carolina,McDowell,-,-
North_Carolina,Macon,-,-
North_Carolina,Madison,-,-
North_Carolina,Martin,1,(D)
North_Carolina,Mecklenburg,-,-
North_Carolina,Mitchell,-,-
North_Carolina,Montgomery,1,(D)
North_Carolina,Moore,1,(D)
North_Carolina,Nash,6,"53,583"
North_Carolina,NewHanover,-,-
North_Carolina,Northampton,3,"111,553"
North_Carolina,Onslow,31,"145,824"
North_Carolina,Orange,-,-
North_Carolina,Pamlico,-,-
North_Carolina,Pasquotank,-,-
North_Carolina,Pender,25,"254,216"
North_Carolina,Perquimans,1,(D)
North_Carolina,Person,-,-
North_Carolina,Pitt,38,"258,010"
North_Carolina,Polk,-,-
North_Carolina,Randolph,3,"11,553"
North_Carolina,Richmond,7,"44,991"
North_Carolina,Robeson,25,"331,337"
North_Carolina,Rockingham,-,-
North_Carolina,Rowan,1,(D)
North_Carolina,Rutherford,-,-
North_Carolina,Sampson,199,"1,853,146"
North_Carolina,Scotland,1,(D)
North_Carolina,Stanly,-,-
North_Carolina,Stokes,-,-
North_Carolina,Surry,3,"21,300"
North_Carolina,Swain,-,-
North_Carolina,Transylvania,-,-
North_Carolina,Tyrrell,1,(D)
North_Carolina,Union,1,(D)
North_Carolina,Vance,-,-
North_Carolina,Wake,-,-
North_Carolina,Warren,5,"19,404"
North_Carolina,Washington,1,(D)
North_Carolina,Watauga,-,-
North_Carolina,Wayne,53,"414,991"
North_Carolina,Wilkes,-,-
North_Carolina,Wilson,2,(D)
North_Carolina,Yadkin,1,(D)
North_Carolina,Yancey,-,-
North_Dakota,NorthDakota,22,"157,154"
North_Dakota,Adams,-,-
North_Dakota,Barnes,-,-
North_Dakota,Benson,-,-
North_Dakota,Billings,-,-
North_Dakota,Bottineau,2,(D)
North_Dakota,Bowman,1,(D)
North_Dakota,Burke,-,-
North_Dakota,Burleigh,-,-
North_Dakota,Cass,-,-
North_Dakota,Cavalier,-,-
North_Dakota,Dickey,2,(D)
North_Dakota,Divide,1,(D)
North_Dakota,Dunn,-,-
North_Dakota,Eddy,-,-
North_Dakota,Emmons,-,-
North_Dakota,Foster,-,-
North_Dakota,GoldenValley,-,-
North_Dakota,GrandForks,7,"30,478"
North_Dakota,Grant,-,-
North_Dakota,Griggs,-,-
North_Dakota,Hettinger,-,-
North_Dakota,Kidder,-,-
North_Dakota,LaMoure,1,(D)
North_Dakota,Logan,-,-
North_Dakota,McHenry,-,-
North_Dakota,McIntosh,-,-
North_Dakota,McKenzie,-,-
North_Dakota,McLean,-,-
North_Dakota,Mercer,-,-
North_Dakota,Morton,-,-
North_Dakota,Mountrail,-,-
North_Dakota,Nelson,1,(D)
North_Dakota,Oliver,-,-
North_Dakota,Pembina,-,-
North_Dakota,Pierce,-,-
North_Dakota,Ramsey,1,(D)
North_Dakota,Ransom,3,"15,968"
North_Dakota,Renville,-,-
North_Dakota,Richland,-,-
North_Dakota,Rolette,-,-
North_Dakota,Sargent,-,-
North_Dakota,Sheridan,-,-
North_Dakota,Sioux,-,-
North_Dakota,Slope,-,-
North_Dakota,Stark,-,-
North_Dakota,Steele,-,-
North_Dakota,Stutsman,-,-
North_Dakota,Towner,3,"36,087"
North_Dakota,Traill,-,-
North_Dakota,Walsh,-,-
North_Dakota,Ward,-,-
North_Dakota,Wells,-,-
North_Dakota,Williams,-,-
Ohio,Ohio,627,"2,669,627"
Ohio,Adams,1,(D)
Ohio,Allen,17,"234,719"
Ohio,Ashland,4,"15,400"
Ohio,Ashtabula,-,-
Ohio,Athens,-,-
Ohio,Auglaize,25,"100,565"
Ohio,Belmont,-,-
Ohio,Brown,-,-
Ohio,Butler,4,"14,050"
Ohio,Carroll,-,-
Ohio,Champaign,11,"42,990"
Ohio,Clark,3,"42,000"
Ohio,Clermont,-,-
Ohio,Clinton,6,"38,240"
Ohio,Columbiana,2,(D)
Ohio,Coshocton,5,"59,562"
Ohio,Crawford,14,"105,228"
Ohio,Cuyahoga,-,-
Ohio,Darke,74,"352,418"
Ohio,Defiance,1,(D)
Ohio,Delaware,5,"22,036"
Ohio,Erie,-,-
Ohio,Fairfield,16,"31,485"
Ohio,Fayette,2,(D)
Ohio,Franklin,1,(D)
Ohio,Fulton,7,"11,351"
Ohio,Gallia,-,-
Ohio,Geauga,-,-
Ohio,Greene,4,"11,000"
Ohio,Guernsey,1,(D)
Ohio,Hamilton,-,-
Ohio,Hancock,16,"66,000"
Ohio,Hardin,23,"85,165"
Ohio,Harrison,1,(D)
Ohio,Henry,6,"22,650"
Ohio,Highland,6,"28,300"
Ohio,Hocking,1,(D)
Ohio,Holmes,2,(D)
Ohio,Huron,9,"27,600"
Ohio,Jackson,-,-
Ohio,Jefferson,-,-
Ohio,Knox,7,"31,400"
Ohio,Lake,-,-
Ohio,Lawrence,-,-
Ohio,Licking,7,"52,900"
Ohio,Logan,4,"14,960"
Ohio,Lorain,2,(D)
Ohio,Lucas,2,(D)
Ohio,Madison,2,(D)
Ohio,Mahoning,-,-
Ohio,Marion,24,"91,768"
Ohio,Medina,-,-
Ohio,Meigs,-,-
Ohio,Mercer,90,"232,245"
Ohio,Miami,1,(D)
Ohio,Monroe,-,-
Ohio,Montgomery,2,(D)
Ohio,Morgan,1,(D)
Ohio,Morrow,3,(D)
Ohio,Muskingum,2,(D)
Ohio,Noble,-,-
Ohio,Ottawa,-,-
Ohio,Paulding,12,"51,070"
Ohio,Perry,3,"11,940"
Ohio,Pickaway,-,-
Ohio,Pike,1,(D)
Ohio,Portage,-,-
Ohio,Preble,17,"99,729"
Ohio,Putnam,47,"151,756"
Ohio,Richland,16,"42,246"
Ohio,Ross,-,-
Ohio,Sandusky,2,(D)
Ohio,Scioto,-,-
Ohio,Seneca,12,"58,400"
Ohio,Shelby,33,"130,297"
Ohio,Stark,-,-
Ohio,Summit,-,-
Ohio,Trumbull,-,-
Ohio,Tuscarawas,2,(D)
Ohio,Union,7,"18,120"
Ohio,VanWert,32,"111,538"
Ohio,Vinton,-,-
Ohio,Warren,-,-
Ohio,Washington,-,-
Ohio,Wayne,5,"31,024"
Ohio,Williams,7,"23,762"
Ohio,Wood,2,(D)
Ohio,Wyandot,15,"43,530"
Oklahoma,Oklahoma,56,"2,128,964"
Oklahoma,Adair,-,-
Oklahoma,Alfalfa,-,-
Oklahoma,Atoka,-,-
Oklahoma,Beaver,3,(D)
Oklahoma,Beckham,-,-
Oklahoma,Blaine,-,-
Oklahoma,Bryan,-,-
Oklahoma,Caddo,5,"104,566"
Oklahoma,Canadian,-,-
Oklahoma,Carter,-,-
Oklahoma,Cherokee,-,-
Oklahoma,Choctaw,-,-
Oklahoma,Cimarron,-,-
Oklahoma,Cleveland,-,-
Oklahoma,Coal,1,(D)
Oklahoma,Comanche,-,-
Oklahoma,Cotton,-,-
Oklahoma,Craig,-,-
Oklahoma,Creek,-,-
Oklahoma,Custer,1,(D)
Oklahoma,Delaware,-,-
Oklahoma,Dewey,-,-
Oklahoma,Ellis,5,"114,794"
Oklahoma,Garfield,-,-
Oklahoma,Garvin,-,-
Oklahoma,Grady,2,(D)
Oklahoma,Grant,-,-
Oklahoma,Greer,-,-
Oklahoma,Harmon,-,-
Oklahoma,Harper,4,(D)
Oklahoma,Haskell,-,-
Oklahoma,Hughes,13,"225,925"
Oklahoma,Jackson,-,-
Oklahoma,Jefferson,-,-
Oklahoma,Johnston,-,-
Oklahoma,Kay,-,-
Oklahoma,Kingfisher,1,(D)
Oklahoma,Kiowa,-,-
Oklahoma,Latimer,3,"3,000"
Oklahoma,LeFlore,3,"15,777"
Oklahoma,Lincoln,-,-
Oklahoma,Logan,-,-
Oklahoma,Love,-,-
Oklahoma,McClain,-,-
Oklahoma,McCurtain,-,-
Oklahoma,McIntosh,-,-
Oklahoma,Major,1,(D)
Oklahoma,Marshall,-,-
Oklahoma,Mayes,-,-
Oklahoma,Murray,-,-
Oklahoma,Muskogee,-,-
Oklahoma,Noble,-,-
Oklahoma,Nowata,-,-
Oklahoma,Okfuskee,5,"24,900"
Oklahoma,Oklahoma,-,-
Oklahoma,Okmulgee,-,-
Oklahoma,Osage,-,-
Oklahoma,Ottawa,-,-
Oklahoma,Pawnee,-,-
Oklahoma,Payne,-,-
Oklahoma,Pittsburg,-,-
Oklahoma,Pontotoc,-,-
Oklahoma,Pottawatomie,1,(D)
Oklahoma,Pushmataha,-,-
Oklahoma,RogerMills,-,-
Oklahoma,Rogers,-,-
Oklahoma,Seminole,3,"15,000"
Oklahoma,Sequoyah,-,-
Oklahoma,Stephens,-,-
Oklahoma,Texas,3,(D)
Oklahoma,Tillman,-,-
Oklahoma,Tulsa,-,-
Oklahoma,Wagoner,-,-
Oklahoma,Washington,-,-
Oklahoma,Washita,-,-
Oklahoma,Woods,-,-
Oklahoma,Woodward,2,(D)
Oregon,Oregon,-,-
Oregon,Baker,-,-
Oregon,Benton,-,-
Oregon,Clackamas,-,-
Oregon,Clatsop,-,-
Oregon,Columbia,-,-
Oregon,Coos,-,-
Oregon,Crook,-,-
Oregon,Curry,-,-
Oregon,Deschutes,-,-
Oregon,Douglas,-,-
Oregon,Gilliam,-,-
Oregon,Grant,-,-
Oregon,Harney,-,-
Oregon,HoodRiver,-,-
Oregon,Jackson,-,-
Oregon,Jefferson,-,-
Oregon,Josephine,-,-
Oregon,Klamath,-,-
Oregon,Lake,-,-
Oregon,Lane,-,-
Oregon,Lincoln,-,-
Oregon,Linn,-,-
Oregon,Malheur,-,-
Oregon,Marion,-,-
Oregon,Morrow,-,-
Oregon,Multnomah,-,-
Oregon,Polk,-,-
Oregon,Sherman,-,-
Oregon,Tillamook,-,-
Oregon,Umatilla,-,-
Oregon,Union,-,-
Oregon,Wallowa,-,-
Oregon,Wasco,-,-
Oregon,Washington,-,-
Oregon,Wheeler,-,-
Oregon,Yamhill,-,-
Pennsylvania,Pennsylvania,268,"1,263,346"
Pennsylvania,Adams,4,"10,800"
Pennsylvania,Allegheny,-,-
Pennsylvania,Armstrong,-,-
Pennsylvania,Beaver,-,-
Pennsylvania,Bedford,5,"34,919"
Pennsylvania,Berks,19,"68,397"
Pennsylvania,Blair,-,-
Pennsylvania,Bradford,3,"41,666"
Pennsylvania,Bucks,-,-
Pennsylvania,Butler,-,-
Pennsylvania,Cambria,-,-
Pennsylvania,Cameron,-,-
Pennsylvania,Carbon,-,-
Pennsylvania,Centre,-,-
Pennsylvania,Chester,3,"11,730"
Pennsylvania,Clarion,-,-
Pennsylvania,Clearfield,1,(D)
Pennsylvania,Clinton,1,(D)
Pennsylvania,Columbia,6,"17,319"
Pennsylvania,Crawford,-,-
Pennsylvania,Cumberland,8,"37,450"
Pennsylvania,Dauphin,5,"20,700"
Pennsylvania,Delaware,-,-
Pennsylvania,Elk,-,-
Pennsylvania,Erie,-,-
Pennsylvania,Fayette,-,-
Pennsylvania,Forest,-,-
Pennsylvania,Franklin,14,"70,983"
Pennsylvania,Fulton,10,"44,268"
Pennsylvania,Greene,-,-
Pennsylvania,Huntingdon,4,"16,900"
Pennsylvania,Indiana,-,-
Pennsylvania,Jefferson,-,-
Pennsylvania,Juniata,5,"22,591"
Pennsylvania,Lackawanna,-,-
Pennsylvania,Lancaster,83,"299,106"
Pennsylvania,Lawrence,-,-
Pennsylvania,Lebanon,16,"52,560"
Pennsylvania,Lehigh,2,(D)
Pennsylvania,Luzerne,-,-
Pennsylvania,Lycoming,3,"29,500"
Pennsylvania,McKean,-,-
Pennsylvania,Mercer,-,-
Pennsylvania,Mifflin,6,"69,383"
Pennsylvania,Monroe,-,-
Pennsylvania,Montgomery,-,-
Pennsylvania,Montour,-,-
Pennsylvania,Northampton,-,-
Pennsylvania,Northumberland,4,"15,368"
Pennsylvania,Perry,17,"100,567"
Pennsylvania,Philadelphia,-,-
Pennsylvania,Pike,-,-
Pennsylvania,Potter,-,-
Pennsylvania,Schuylkill,-,-
Pennsylvania,Snyder,21,"70,973"
Pennsylvania,Somerset,4,"15,971"
Pennsylvania,Sullivan,-,-
Pennsylvania,Susquehanna,-,-
Pennsylvania,Tioga,7,"60,737"
Pennsylvania,Union,11,"69,700"
Pennsylvania,Venango,-,-
Pennsylvania,Warren,-,-
Pennsylvania,Washington,-,-
Pennsylvania,Wayne,-,-
Pennsylvania,Westmoreland,-,-
Pennsylvania,Wyoming,-,-
Pennsylvania,York,6,"58,600"
Rhode_Island,RhodeIsland,-,-
Rhode_Island,Bristol,-,-
Rhode_Island,Kent,-,-
Rhode_Island,Newport,-,-
Rhode_Island,Providence,-,-
Rhode_Island,Washington,-,-
South_Carolina,SouthCarolina,29,"142,133"
South_Carolina,Abbeville,-,-
South_Carolina,Aiken,-,-
South_Carolina,Allendale,-,-
South_Carolina,Anderson,-,-
South_Carolina,Bamberg,-,-
South_Carolina,Barnwell,-,-
South_Carolina,Beaufort,-,-
South_Carolina,Berkeley,-,-
South_Carolina,Calhoun,-,-
South_Carolina,Charleston,-,-
South_Carolina,Cherokee,-,-
South_Carolina,Chester,-,-
South_Carolina,Chesterfield,-,-
South_Carolina,Clarendon,4,"26,000"
South_Carolina,Colleton,-,-
South_Carolina,Darlington,-,-
South_Carolina,Dillon,11,"63,035"
South_Carolina,Dorchester,1,(D)
South_Carolina,Edgefield,-,-
South_Carolina,Fairfield,-,-
South_Carolina,Florence,-,-
South_Carolina,Georgetown,-,-
South_Carolina,Greenville,-,-
South_Carolina,Greenwood,-,-
South_Carolina,Hampton,-,-
South_Carolina,Horry,7,"19,815"
South_Carolina,Jasper,-,-
South_Carolina,Kershaw,-,-
South_Carolina,Lancaster,-,-
South_Carolina,Laurens,-,-
South_Carolina,Lee,-,-
South_Carolina,Lexington,-,-
South_Carolina,McCormick,-,-
South_Carolina,Marion,-,-
South_Carolina,Marlboro,2,(D)
South_Carolina,Newberry,-,-
South_Carolina,Oconee,-,-
South_Carolina,Orangeburg,2,(D)
South_Carolina,Pickens,-,-
South_Carolina,Richland,-,-
South_Carolina,Saluda,-,-
South_Carolina,Spartanburg,-,-
South_Carolina,Sumter,-,-
South_Carolina,Union,-,-
South_Carolina,Williamsburg,1,(D)
South_Carolina,York,1,(D)
South_Dakota,SouthDakota,238,"2,020,863"
South_Dakota,Aurora,1,(D)
South_Dakota,Beadle,4,"56,871"
South_Dakota,Bennett,-,-
South_Dakota,BonHomme,2,(D)
South_Dakota,Brookings,13,"117,917"
South_Dakota,Brown,2,(D)
South_Dakota,Brule,9,"24,668"
South_Dakota,Buffalo,-,-
South_Dakota,Butte,-,-
South_Dakota,Campbell,1,(D)
South_Dakota,CharlesMix,17,"174,454"
South_Dakota,Clark,8,(D)
South_Dakota,Clay,1,(D)
South_Dakota,Codington,6,"15,224"
South_Dakota,Corson,-,-
South_Dakota,Custer,-,-
South_Dakota,Davison,9,"119,520"
South_Dakota,Day,2,(D)
South_Dakota,Deuel,2,(D)
South_Dakota,Dewey,-,-
South_Dakota,Douglas,9,(D)
South_Dakota,Edmunds,4,"51,709"
South_Dakota,FallRiver,-,-
South_Dakota,Faulk,4,(D)
South_Dakota,Grant,5,"24,660"
South_Dakota,Gregory,1,(D)
South_Dakota,Haakon,-,-
South_Dakota,Hamlin,3,"15,600"
South_Dakota,Hand,2,(D)
South_Dakota,Hanson,6,(D)
South_Dakota,Harding,-,-
South_Dakota,Hughes,1,(D)
South_Dakota,Hutchinson,21,"127,680"
South_Dakota,Hyde,-,-
South_Dakota,Jackson,-,-
South_Dakota,Jerauld,2,(D)
South_Dakota,Jones,-,-
South_Dakota,Kingsbury,2,(D)
South_Dakota,Lake,13,"91,696"
South_Dakota,Lawrence,-,-
South_Dakota,Lincoln,14,"53,688"
South_Dakota,Lyman,-,-
South_Dakota,McCook,11,"77,207"
South_Dakota,McPherson,4,(D)
South_Dakota,Marshall,3,"51,042"
South_Dakota,Meade,-,-
South_Dakota,Mellette,1,(D)
South_Dakota,Miner,1,(D)
South_Dakota,Minnehaha,12,"31,410"
South_Dakota,Moody,5,"67,678"
South_Dakota,OglalaLakota,-,-
South_Dakota,Pennington,-,-
South_Dakota,Perkins,-,-
South_Dakota,Potter,1,(D)
South_Dakota,Roberts,4,"11,458"
South_Dakota,Sanborn,1,(D)
South_Dakota,Spink,6,"47,045"
South_Dakota,Stanley,-,-
South_Dakota,Sully,2,(D)
South_Dakota,Todd,-,-
South_Dakota,Tripp,4,"12,650"
South_Dakota,Turner,9,"77,728"
South_Dakota,Union,3,(D)
South_Dakota,Walworth,-,-
South_Dakota,Yankton,7,"20,190"
South_Dakota,Ziebach,-,-
Tennessee,Tennessee,36,"262,554"
Tennessee,Anderson,-,-
Tennessee,Bedford,-,-
Tennessee,Benton,-,-
Tennessee,Bledsoe,-,-
Tennessee,Blount,-,-
Tennessee,Bradley,-,-
Tennessee,Campbell,-,-
Tennessee,Cannon,-,-
Tennessee,Carroll,1,(D)
Tennessee,Carter,-,-
Tennessee,Cheatham,-,-
Tennessee,Chester,-,-
Tennessee,Claiborne,-,-
Tennessee,Clay,-,-
Tennessee,Cocke,-,-
Tennessee,Coffee,-,-
Tennessee,Crockett,-,-
Tennessee,Cumberland,-,-
Tennessee,Davidson,-,-
Tennessee,Decatur,-,-
Tennessee,DeKalb,-,-
Tennessee,Dickson,-,-
Tennessee,Dyer,1,(D)
Tennessee,Fayette,1,(D)
Tennessee,Fentress,-,-
Tennessee,Franklin,-,-
Tennessee,Gibson,-,-
Tennessee,Giles,-,-
Tennessee,Grainger,-,-
Tennessee,Greene,-,-
Tennessee,Grundy,-,-
Tennessee,Hamblen,-,-
Tennessee,Hamilton,-,-
Tennessee,Hancock,-,-
Tennessee,Hardeman,-,-
Tennessee,Hardin,-,-
Tennessee,Hawkins,-,-
Tennessee,Haywood,-,-
Tennessee,Henderson,-,-
Tennessee,Henry,12,"116,750"
Tennessee,Hickman,-,-
Tennessee,Houston,-,-
Tennessee,Humphreys,-,-
Tennessee,Jackson,-,-
Tennessee,Jefferson,-,-
Tennessee,Johnson,-,-
Tennessee,Knox,-,-
Tennessee,Lake,-,-
Tennessee,Lauderdale,-,-
Tennessee,Lawrence,1,(D)
Tennessee,Lewis,-,-
Tennessee,Lincoln,-,-
Tennessee,Loudon,-,-
Tennessee,McMinn,-,-
Tennessee,McNairy,-,-
Tennessee,Macon,-,-
Tennessee,Madison,-,-
Tennessee,Marion,-,-
Tennessee,Marshall,-,-
Tennessee,Maury,-,-
Tennessee,Meigs,-,-
Tennessee,Monroe,-,-
Tennessee,Montgomery,3,"27,000"
Tennessee,Moore,-,-
Tennessee,Morgan,-,-
Tennessee,Obion,3,(D)
Tennessee,Overton,1,(D)
Tennessee,Perry,-,-
Tennessee,Pickett,-,-
Tennessee,Polk,-,-
Tennessee,Putnam,-,-
Tennessee,Rhea,-,-
Tennessee,Roane,-,-
Tennessee,Robertson,-,-
Tennessee,Rutherford,-,-
Tennessee,Scott,-,-
Tennessee,Sequatchie,-,-
Tennessee,Sevier,-,-
Tennessee,Shelby,-,-
Tennessee,Smith,-,-
Tennessee,Stewart,-,-
Tennessee,Sullivan,-,-
Tennessee,Sumner,-,-
Tennessee,Tipton,-,-
Tennessee,Trousdale,-,-
Tennessee,Unicoi,-,-
Tennessee,Union,-,-
Tennessee,VanBuren,-,-
Tennessee,Warren,-,-
Tennessee,Washington,-,-
Tennessee,Wayne,1,(D)
Tennessee,Weakley,12,"74,274"
Tennessee,White,-,-
Tennessee,Williamson,-,-
Tennessee,Wilson,-,-
Texas,Texas,16,"1,111,424"
Texas,Anderson,1,(D)
Texas,Andrews,-,-
Texas,Angelina,-,-
Texas,Aransas,-,-
Texas,Archer,-,-
Texas,Armstrong,-,-
Texas,Atascosa,-,-
Texas,Austin,-,-
Texas,Bailey,-,-
Texas,Bandera,-,-
Texas,Bastrop,-,-
Texas,Baylor,-,-
Texas,Bee,-,-
Texas,Bell,-,-
Texas,Bexar,-,-
Texas,Blanco,-,-
Texas,Borden,-,-
Texas,Bosque,-,-
Texas,Bowie,-,-
Texas,Brazoria,-,-
Texas,Brazos,-,-
Texas,Brewster,-,-
Texas,Briscoe,-,-
Texas,Brooks,-,-
Texas,Brown,-,-
Texas,Burleson,-,-
Texas,Burnet,-,-
Texas,Caldwell,-,-
Texas,Calhoun,-,-
Texas,Callahan,-,-
Texas,Cameron,-,-
Texas,Camp,-,-
Texas,Carson,-,-
Texas,Cass,-,-
Texas,Castro,-,-
Texas,Chambers,-,-
Texas,Cherokee,-,-
Texas,Childress,-,-
Texas,Clay,-,-
Texas,Cochran,-,-
Texas,Coke,-,-
Texas,Coleman,-,-
Texas,Collin,-,-
Texas,Collingsworth,-,-
Texas,Colorado,-,-
Texas,Comal,-,-
Texas,Comanche,-,-
Texas,Concho,-,-
Texas,Cooke,-,-
Texas,Coryell,-,-
Texas,Cottle,-,-
Texas,Crane,-,-
Texas,Crockett,-,-
Texas,Crosby,-,-
Texas,Culberson,-,-
Texas,Dallam,1,(D)
Texas,Dallas,-,-
Texas,Dawson,-,-
Texas,DeafSmith,-,-
Texas,Delta,-,-
Texas,Denton,-,-
Texas,DeWitt,-,-
Texas,Dickens,-,-
Texas,Dimmit,-,-
Texas,Donley,-,-
Texas,Duval,-,-
Texas,Eastland,-,-
Texas,Ector,-,-
Texas,Edwards,-,-
Texas,Ellis,-,-
Texas,ElPaso,-,-
Texas,Erath,-,-
Texas,Falls,-,-
Texas,Fannin,-,-
Texas,Fayette,-,-
Texas,Fisher,-,-
Texas,Floyd,-,-
Texas,Foard,-,-
Texas,FortBend,-,-
Texas,Franklin,-,-
Texas,Freestone,-,-
Texas,Frio,-,-
Texas,Gaines,-,-
Texas,Galveston,-,-
Texas,Garza,-,-
Texas,Gillespie,-,-
Texas,Glasscock,-,-
Texas,Goliad,-,-
Texas,Gonzales,-,-
Texas,Gray,1,(D)
Texas,Grayson,-,-
Texas,Gregg,-,-
Texas,Grimes,-,-
Texas,Guadalupe,-,-
Texas,Hale,-,-
Texas,Hall,-,-
Texas,Hamilton,-,-
Texas,Hansford,1,(D)
Texas,Hardeman,-,-
Texas,Hardin,-,-
Texas,Harris,-,-
Texas,Harrison,-,-
Texas,Hartley,-,-
Texas,Haskell,-,-
Texas,Hays,-,-
Texas,Hemphill,-,-
Texas,Henderson,-,-
Texas,Hidalgo,-,-
Texas,Hill,-,-
Texas,Hockley,-,-
Texas,Hood,-,-
Texas,Hopkins,-,-
Texas,Houston,1,(D)
Texas,Howard,-,-
Texas,Hudspeth,-,-
Texas,Hunt,-,-
Texas,Hutchinson,-,-
Texas,Irion,-,-
Texas,Jack,-,-
Texas,Jackson,-,-
Texas,Jasper,-,-
Texas,JeffDavis,-,-
Texas,Jefferson,-,-
Texas,JimHogg,-,-
Texas,JimWells,-,-
Texas,Johnson,-,-
Texas,Jones,-,-
Texas,Karnes,-,-
Texas,Kaufman,-,-
Texas,Kendall,-,-
Texas,Kenedy,-,-
Texas,Kent,-,-
Texas,Kerr,-,-
Texas,Kimble,-,-
Texas,King,-,-
Texas,Kinney,-,-
Texas,Kleberg,-,-
Texas,Knox,-,-
Texas,Lamar,-,-
Texas,Lamb,-,-
Texas,Lampasas,1,(D)
Texas,LaSalle,-,-
Texas,Lavaca,-,-
Texas,Lee,-,-
Texas,Leon,-,-
Texas,Liberty,-,-
Texas,Limestone,-,-
Texas,Lipscomb,3,"62,469"
Texas,LiveOak,-,-
Texas,Llano,-,-
Texas,Loving,-,-
Texas,Lubbock,-,-
Texas,Lynn,-,-
Texas,McCulloch,-,-
Texas,McLennan,-,-
Texas,McMullen,-,-
Texas,Madison,1,(D)
Texas,Marion,-,-
Texas,Martin,-,-
Texas,Mason,-,-
Texas,Matagorda,-,-
Texas,Maverick,-,-
Texas,Medina,-,-
Texas,Menard,-,-
Texas,Midland,-,-
Texas,Milam,-,-
Texas,Mills,-,-
Texas,Mitchell,-,-
Texas,Montague,-,-
Texas,Montgomery,-,-
Texas,Moore,-,-
Texas,Morris,-,-
Texas,Motley,-,-
Texas,Nacogdoches,-,-
Texas,Navarro,-,-
Texas,Newton,-,-
Texas,Nolan,-,-
Texas,Nueces,-,-
Texas,Ochiltree,2,(D)
Texas,Oldham,-,-
Texas,Orange,-,-
Texas,PaloPinto,-,-
Texas,Panola,-,-
Texas,Parker,-,-
Texas,Parmer,-,-
Texas,Pecos,-,-
Texas,Polk,-,-
Texas,Potter,-,-
Texas,Presidio,-,-
Texas,Rains,-,-
Texas,Randall,-,-
Texas,Reagan,-,-
Texas,Real,-,-
Texas,RedRiver,-,-
Texas,Reeves,-,-
Texas,Refugio,-,-
Texas,Roberts,-,-
Texas,Robertson,-,-
Texas,Rockwall,-,-
Texas,Runnels,-,-
Texas,Rusk,-,-
Texas,Sabine,-,-
Texas,SanAugustine,-,-
Texas,SanJacinto,-,-
Texas,SanPatricio,-,-
Texas,SanSaba,1,(D)
Texas,Schleicher,-,-
Texas,Scurry,-,-
Texas,Shackelford,-,-
Texas,Shelby,-,-
Texas,Sherman,2,(D)
Texas,Smith,-,-
Texas,Somervell,-,-
Texas,Starr,-,-
Texas,Stephens,-,-
Texas,Sterling,-,-
Texas,Stonewall,-,-
Texas,Sutton,-,-
Texas,Swisher,-,-
Texas,Tarrant,-,-
Texas,Taylor,-,-
Texas,Terrell,-,-
Texas,Terry,-,-
Texas,Throckmorton,-,-
Texas,Titus,-,-
Texas,TomGreen,-,-
Texas,Travis,-,-
Texas,Trinity,-,-
Texas,Tyler,-,-
Texas,Upshur,-,-
Texas,Upton,-,-
Texas,Uvalde,-,-
Texas,ValVerde,-,-
Texas,VanZandt,-,-
Texas,Victoria,-,-
Texas,Walker,1,(D)
Texas,Waller,-,-
Texas,Ward,-,-
Texas,Washington,-,-
Texas,Webb,-,-
Texas,Wharton,-,-
Texas,Wheeler,-,-
Texas,Wichita,-,-
Texas,Wilbarger,-,-
Texas,Willacy,-,-
Texas,Williamson,-,-
Texas,Wilson,-,-
Texas,Winkler,-,-
Texas,Wise,-,-
Texas,Wood,-,-
Texas,Yoakum,-,-
Texas,Young,-,-
Texas,Zapata,-,-
Texas,Zavala,-,-
Utah,Utah,20,"494,357"
Utah,Beaver,15,"403,981"
Utah,BoxElder,-,-
Utah,Cache,1,(D)
Utah,Carbon,-,-
Utah,Daggett,-,-
Utah,Davis,-,-
Utah,Duchesne,-,-
Utah,Emery,-,-
Utah,Garfield,-,-
Utah,Grand,-,-
Utah,Iron,2,(D)
Utah,Juab,-,-
Utah,Kane,-,-
Utah,Millard,2,(D)
Utah,Morgan,-,-
Utah,Piute,-,-
Utah,Rich,-,-
Utah,SaltLake,-,-
Utah,SanJuan,-,-
Utah,Sanpete,-,-
Utah,Sevier,-,-
Utah,Summit,-,-
Utah,Tooele,-,-
Utah,Uintah,-,-
Utah,Utah,-,-
Utah,Wasatch,-,-
Utah,Washington,-,-
Utah,Wayne,-,-
Utah,Weber,-,-
Vermont,Vermont,-,-
Vermont,Addison,-,-
Vermont,Bennington,-,-
Vermont,Caledonia,-,-
Vermont,Chittenden,-,-
Vermont,Essex,-,-
Vermont,Franklin,-,-
Vermont,GrandIsle,-,-
Vermont,Lamoille,-,-
Vermont,Orange,-,-
Vermont,Orleans,-,-
Vermont,Rutland,-,-
Vermont,Washington,-,-
Vermont,Windham,-,-
Vermont,Windsor,-,-
Virginia,Virginia,29,"266,525"
Virginia,Accomack,-,-
Virginia,Albemarle,-,-
Virginia,Alleghany,-,-
Virginia,Amelia,-,-
Virginia,Amherst,-,-
Virginia,Appomattox,-,-
Virginia,Arlington,-,-
Virginia,Augusta,-,-
Virginia,Bath,-,-
Virginia,Bedford,-,-
Virginia,Bland,-,-
Virginia,Botetourt,-,-
Virginia,Brunswick,1,(D)
Virginia,Buchanan,-,-
Virginia,Buckingham,6,"18,610"
Virginia,Campbell,-,-
Virginia,Caroline,-,-
Virginia,Carroll,-,-
Virginia,CharlesCity,-,-
Virginia,Charlotte,2,(D)
Virginia,Chesterfield,-,-
Virginia,Clarke,-,-
Virginia,Craig,-,-
Virginia,Culpeper,-,-
Virginia,Cumberland,-,-
Virginia,Dickenson,-,-
Virginia,Dinwiddie,-,-
Virginia,Essex,-,-
Virginia,Fairfax,-,-
Virginia,Fauquier,-,-
Virginia,Floyd,-,-
Virginia,Fluvanna,-,-
Virginia,Franklin,-,-
Virginia,Frederick,-,-
Virginia,Giles,-,-
Virginia,Gloucester,-,-
Virginia,Goochland,-,-
Virginia,Grayson,-,-
Virginia,Greene,-,-
Virginia,Greensville,1,(D)
Virginia,Halifax,6,"16,000"
Virginia,Hanover,-,-
Virginia,Henrico,-,-
Virginia,Henry,-,-
Virginia,Highland,-,-
Virginia,IsleofWight,3,"23,068"
Virginia,JamesCity,-,-
Virginia,KingandQueen,-,-
Virginia,KingGeorge,-,-
Virginia,KingWilliam,-,-
Virginia,Lancaster,-,-
Virginia,Lee,-,-
Virginia,Loudoun,-,-
Virginia,Louisa,-,-
Virginia,Lunenburg,-,-
Virginia,Madison,-,-
Virginia,Mathews,-,-
Virginia,Mecklenburg,-,-
Virginia,Middlesex,-,-
Virginia,Montgomery,-,-
Virginia,Nelson,-,-
Virginia,NewKent,-,-
Virginia,Northampton,-,-
Virginia,Northumberland,-,-
Virginia,Nottoway,-,-
Virginia,Orange,-,-
Virginia,Page,-,-
Virginia,Patrick,-,-
Virginia,Pittsylvania,1,(D)
Virginia,Powhatan,-,-
Virginia,PrinceEdward,2,(D)
Virginia,PrinceGeorge,-,-
Virginia,PrinceWilliam,-,-
Virginia,Pulaski,-,-
Virginia,Rappahannock,-,-
Virginia,Richmond,-,-
Virginia,Roanoke,-,-
Virginia,Rockbridge,-,-
Virginia,Rockingham,-,-
Virginia,Russell,-,-
Virginia,Scott,-,-
Virginia,Shenandoah,-,-
Virginia,Smyth,-,-
Virginia,Southampton,4,"36,493"
Virginia,Spotsylvania,-,-
Virginia,Stafford,-,-
Virginia,Surry,2,(D)
Virginia,Sussex,1,(D)
Virginia,Tazewell,-,-
Virginia,Warren,-,-
Virginia,Washington,-,-
Virginia,Westmoreland,-,-
Virginia,Wise,-,-
Virginia,Wythe,-,-
Virginia,York,-,-
Virginia,ChesapeakeCity,-,-
Virginia,Suffolk,-,-
Virginia,VirginiaBeachCity,-,-
Washington,Washington,1,1000.0
Washington,Adams,-,-
Washington,Asotin,-,-
Washington,Benton,-,-
Washington,Chelan,-,-
Washington,Clallam,-,-
Washington,Clark,-,-
Washington,Columbia,-,-
Washington,Cowlitz,-,-
Washington,Douglas,-,-
Washington,Ferry,-,-
Washington,Franklin,-,-
Washington,Garfield,-,-
Washington,Grant,1,1000.0
Washington,GraysHarbor,-,-
Washington,Island,-,-
Washington,Jefferson,-,-
Washington,King,-,-
Washington,Kitsap,-,-
Washington,Kittitas,-,-
Washington,Klickitat,-,-
Washington,Lewis,-,-
Washington,Lincoln,-,-
Washington,Mason,-,-
Washington,Okanogan,-,-
Washington,Pacific,-,-
Washington,PendOreille,-,-
Washington,Pierce,-,-
Washington,SanJuan,-,-
Washington,Skagit,-,-
Washington,Skamania,-,-
Washington,Snohomish,-,-
Washington,Spokane,-,-
Washington,Stevens,-,-
Washington,Thurston,-,-
Washington,Wahkiakum,-,-
Washington,WallaWalla,-,-
Washington,Whatcom,-,-
Washington,Whitman,-,-
Washington,Yakima,-,-
West_Virginia,WestVirginia,-,-
West_Virginia,Barbour,-,-
West_Virginia,Berkeley,-,-
West_Virginia,Boone,-,-
West_Virginia,Braxton,-,-
West_Virginia,Brooke,-,-
West_Virginia,Cabell,-,-
West_Virginia,Calhoun,-,-
West_Virginia,Clay,-,-
West_Virginia,Doddridge,-,-
West_Virginia,Fayette,-,-
West_Virginia,Gilmer,-,-
West_Virginia,Grant,-,-
West_Virginia,Greenbrier,-,-
West_Virginia,Hampshire,-,-
West_Virginia,Hancock,-,-
West_Virginia,Hardy,-,-
West_Virginia,Harrison,-,-
West_Virginia,Jackson,-,-
West_Virginia,Jefferson,-,-
West_Virginia,Kanawha,-,-
West_Virginia,Lewis,-,-
West_Virginia,Lincoln,-,-
West_Virginia,Logan,-,-
West_Virginia,McDowell,-,-
West_Virginia,Marion,-,-
West_Virginia,Marshall,-,-
West_Virginia,Mason,-,-
West_Virginia,Mercer,-,-
West_Virginia,Mineral,-,-
West_Virginia,Mingo,-,-
West_Virginia,Monongalia,-,-
West_Virginia,Monroe,-,-
West_Virginia,Morgan,-,-
West_Virginia,Nicholas,-,-
West_Virginia,Ohio,-,-
West_Virginia,Pendleton,-,-
West_Virginia,Pleasants,-,-
West_Virginia,Pocahontas,-,-
West_Virginia,Preston,-,-
West_Virginia,Putnam,-,-
West_Virginia,Raleigh,-,-
West_Virginia,Randolph,-,-
West_Virginia,Ritchie,-,-
West_Virginia,Roane,-,-
West_Virginia,Summers,-,-
West_Virginia,Taylor,-,-
West_Virginia,Tucker,-,-
West_Virginia,Tyler,-,-
West_Virginia,Upshur,-,-
West_Virginia,Wayne,-,-
West_Virginia,Webster,-,-
West_Virginia,Wetzel,-,-
West_Virginia,Wirt,-,-
West_Virginia,Wood,-,-
West_Virginia,Wyoming,-,-
Wisconsin,Wisconsin,59,"276,035"
Wisconsin,Adams,-,-
Wisconsin,Ashland,-,-
Wisconsin,Barron,-,-
Wisconsin,Bayfield,-,-
Wisconsin,Brown,-,-
Wisconsin,Buffalo,-,-
Wisconsin,Burnett,-,-
Wisconsin,Calumet,-,-
Wisconsin,Chippewa,1,(D)
Wisconsin,Clark,-,-
Wisconsin,Columbia,3,"3,670"
Wisconsin,Crawford,1,(D)
Wisconsin,Dane,3,"4,000"
Wisconsin,Dodge,4,"5,900"
Wisconsin,Door,-,-
Wisconsin,Douglas,-,-
Wisconsin,Dunn,3,"6,036"
Wisconsin,EauClaire,-,-
Wisconsin,Florence,-,-
Wisconsin,FondduLac,-,-
Wisconsin,Forest,-,-
Wisconsin,Grant,12,"99,356"
Wisconsin,Green,-,-
Wisconsin,GreenLake,-,-
Wisconsin,Iowa,-,-
Wisconsin,Iron,-,-
Wisconsin,Jackson,2,(D)
Wisconsin,Jefferson,-,-
Wisconsin,Juneau,-,-
Wisconsin,Kenosha,-,-
Wisconsin,Kewaunee,2,(D)
Wisconsin,LaCrosse,-,-
Wisconsin,Lafayette,5,"10,336"
Wisconsin,Langlade,-,-
Wisconsin,Lincoln,-,-
Wisconsin,Manitowoc,-,-
Wisconsin,Marathon,-,-
Wisconsin,Marinette,-,-
Wisconsin,Marquette,-,-
Wisconsin,Menominee,-,-
Wisconsin,Milwaukee,-,-
Wisconsin,Monroe,-,-
Wisconsin,Oconto,-,-
Wisconsin,Oneida,-,-
Wisconsin,Outagamie,-,-
Wisconsin,Ozaukee,-,-
Wisconsin,Pepin,-,-
Wisconsin,Pierce,-,-
Wisconsin,Polk,-,-
Wisconsin,Portage,-,-
Wisconsin,Price,-,-
Wisconsin,Racine,2,(D)
Wisconsin,Richland,2,(D)
Wisconsin,Rock,11,"51,810"
Wisconsin,Rusk,-,-
Wisconsin,St.Croix,-,-
Wisconsin,Sauk,4,"30,956"
Wisconsin,Sawyer,-,-
Wisconsin,Shawano,-,-
Wisconsin,Sheboygan,-,-
Wisconsin,Taylor,-,-
Wisconsin,Trempealeau,1,(D)
Wisconsin,Vernon,-,-
Wisconsin,Vilas,-,-
Wisconsin,Walworth,3,"11,650"
Wisconsin,Washburn,-,-
Wisconsin,Washington,-,-
Wisconsin,Waukesha,-,-
Wisconsin,Waupaca,-,-
Wisconsin,Waushara,-,-
Wisconsin,Winnebago,-,-
Wisconsin,Wood,-,-
Wyoming,Wyoming,3,"104,623"
Wyoming,Albany,-,-
Wyoming,BigHorn,-,-
Wyoming,Campbell,-,-
Wyoming,Carbon,-,-
Wyoming,Converse,-,-
Wyoming,Crook,-,-
Wyoming,Fremont,-,-
Wyoming,Goshen,-,-
Wyoming,HotSprings,-,-
Wyoming,Johnson,-,-
Wyoming,Laramie,2,(D)
Wyoming,Lincoln,-,-
Wyoming,Natrona,-,-
Wyoming,Niobrara,-,-
Wyoming,Park,-,-
Wyoming,Platte,1,(D)
Wyoming,Sheridan,-,-
Wyoming,Sublette,-,-
Wyoming,Sweetwater,-,-
Wyoming,Teton,-,-
Wyoming,Uinta,-,-
Wyoming,Washakie,-,-
Wyoming,Weston,-,-
