STATE,COUNTY,LAY2022FAC,LAY2022NUM,BRL2022FAC,BRL2022NUM
Alabama,Alabama,7,1231242.2190219432,"1,039",168578974.00597814
Alabama,Autauga,-,-,1,162251.17806157668
Alabama,Baldwin,1,175891.7455745633,-,-
Alabama,Barbour,-,-,30,4867535.3418473
Alabama,Bibb,-,-,-,-
Alabama,Blount,2,351783.4911491266,47,7625805.368894102
Alabama,Bullock,-,-,1,162251.17806157668
Alabama,Butler,-,-,43,6976800.656647797
Alabama,Calhoun,-,-,11,1784762.9586773433
Alabama,Chambers,-,-,-,-
Alabama,Cherokee,1,175891.7455745633,26,4218530.629600993
Alabama,Chilton,-,-,-,-
Alabama,Choctaw,-,-,-,-
Alabama,Clarke,-,-,-,-
Alabama,Clay,-,-,37,6003293.588278336
Alabama,Cleburne,-,-,20,3245023.561231533
Alabama,Coffee,-,-,64,10384075.395940907
Alabama,Colbert,-,-,2,324502.35612315335
Alabama,Conecuh,-,-,1,162251.17806157668
Alabama,Coosa,-,-,-,-
Alabama,Covington,-,-,18,2920521.20510838
Alabama,Crenshaw,-,-,49,7950307.725017255
Alabama,Cullman,2,351783.4911491266,75,12168838.35461825
Alabama,Dale,-,-,55,8923814.793386716
Alabama,Dallas,-,-,-,-
Alabama,DeKalb,-,-,88,14278103.669418747
Alabama,Elmore,-,-,-,-
Alabama,Escambia,-,-,-,-
Alabama,Etowah,-,-,27,4380781.80766257
Alabama,Fayette,-,-,7,1135758.2464310366
Alabama,Franklin,-,-,27,4380781.80766257
Alabama,Geneva,-,-,28,4543032.9857241465
Alabama,Greene,-,-,-,-
Alabama,Hale,-,-,-,-
Alabama,Henry,-,-,11,1784762.9586773433
Alabama,Houston,-,-,4,649004.7122463067
Alabama,Jackson,-,-,15,2433767.67092365
Alabama,Jefferson,-,-,2,324502.35612315335
Alabama,Lamar,-,-,2,324502.35612315335
Alabama,Lauderdale,-,-,7,1135758.2464310366
Alabama,Lawrence,-,-,21,3407274.73929311
Alabama,Lee,-,-,-,-
Alabama,Limestone,-,-,14,2271516.4928620732
Alabama,Lowndes,-,-,13,2109265.3148004967
Alabama,Macon,-,-,-,-
Alabama,Madison,-,-,-,-
Alabama,Marengo,-,-,-,-
Alabama,Marion,-,-,41,6652298.300524643
Alabama,Marshall,1,175891.7455745633,59,9572819.505633023
Alabama,Mobile,-,-,-,-
Alabama,Monroe,-,-,1,162251.17806157668
Alabama,Montgomery,-,-,3,486753.5341847299
Alabama,Morgan,-,-,22,3569525.9173546867
Alabama,Perry,-,-,-,-
Alabama,Pickens,-,-,20,3245023.561231533
Alabama,Pike,-,-,61,9897321.861756178
Alabama,Randolph,-,-,36,5841042.41021676
Alabama,Russell,-,-,3,486753.5341847299
Alabama,St.Clair,-,-,23,3731777.095416263
Alabama,Shelby,-,-,-,-
Alabama,Sumter,-,-,-,-
Alabama,Talladega,-,-,1,162251.17806157668
Alabama,Tallapoosa,-,-,3,486753.5341847299
Alabama,Tuscaloosa,-,-,9,1460260.60255419
Alabama,Walker,-,-,10,1622511.7806157665
Alabama,Washington,-,-,1,162251.17806157668
Alabama,Wilcox,-,-,-,-
Alabama,Winston,-,-,-,-
Arizona,Arizona,2,200000,-,-
Arizona,Apache,-,-,-,-
Arizona,Cochise,-,-,-,-
Arizona,Coconino,-,-,-,-
Arizona,Gila,-,-,-,-
Arizona,Graham,-,-,-,-
Arizona,Greenlee,-,-,-,-
Arizona,LaPaz,1,100000,-,-
Arizona,Maricopa,1,100000,-,-
Arizona,Mohave,-,-,-,-
Arizona,Navajo,-,-,-,-
Arizona,Pima,-,-,-,-
Arizona,Pinal,-,-,-,-
Arizona,SantaCruz,-,-,-,-
Arizona,Yavapai,-,-,-,-
Arizona,Yuma,-,-,-,-
Arkansas,Arkansas,4,752250.5295563098,834,135267868.67833114
Arkansas,Arkansas,-,-,-,-
Arkansas,Ashley,-,-,-,-
Arkansas,Baxter,-,-,-,-
Arkansas,Benton,1,188062.63238907745,82,13299718.503145268
Arkansas,Boone,-,-,12,1946300.268752966
Arkansas,Bradley,-,-,5,810958.4453137359
Arkansas,Calhoun,-,-,-,-
Arkansas,Carroll,1,188062.63238907745,31,5027942.360945163
Arkansas,Chicot,-,-,-,-
Arkansas,Clark,-,-,-,-
Arkansas,Clay,-,-,21,3406025.470317691
Arkansas,Cleburne,-,-,1,162191.68906274717
Arkansas,Cleveland,-,-,13,2108491.9578157132
Arkansas,Columbia,-,-,4,648766.7562509887
Arkansas,Conway,-,-,31,5027942.360945163
Arkansas,Craighead,-,-,-,-
Arkansas,Crawford,-,-,-,-
Arkansas,Crittenden,-,-,-,-
Arkansas,Cross,-,-,-,-
Arkansas,Dallas,-,-,-,-
Arkansas,Desha,-,-,-,-
Arkansas,Drew,-,-,4,648766.7562509887
Arkansas,Faulkner,-,-,-,-
Arkansas,Franklin,-,-,14,2270683.6468784604
Arkansas,Fulton,-,-,3,486575.0671882415
Arkansas,Garland,-,-,-,-
Arkansas,Grant,-,-,-,-
Arkansas,Greene,-,-,-,-
Arkansas,Hempstead,-,-,44,7136434.318760876
Arkansas,HotSpring,-,-,-,-
Arkansas,Howard,-,-,31,5027942.360945163
Arkansas,Independence,-,-,21,3406025.470317691
Arkansas,Izard,-,-,11,1784108.579690219
Arkansas,Jackson,-,-,-,-
Arkansas,Jefferson,-,-,1,162191.68906274717
Arkansas,Johnson,-,-,14,2270683.6468784604
Arkansas,Lafayette,-,-,10,1621916.8906274717
Arkansas,Lawrence,-,-,14,2270683.6468784604
Arkansas,Lee,-,-,-,-
Arkansas,Lincoln,-,-,14,2270683.6468784604
Arkansas,LittleRiver,-,-,9,1459725.2015647248
Arkansas,Logan,-,-,22,3568217.159380438
Arkansas,Lonoke,-,-,-,-
Arkansas,Madison,-,-,44,7136434.318760876
Arkansas,Marion,-,-,-,-
Arkansas,Miller,-,-,1,162191.68906274717
Arkansas,Mississippi,-,-,-,-
Arkansas,Monroe,-,-,-,-
Arkansas,Montgomery,-,-,-,-
Arkansas,Nevada,-,-,10,1621916.8906274717
Arkansas,Newton,-,-,1,162191.68906274717
Arkansas,Ouachita,-,-,2,324383.37812549435
Arkansas,Perry,-,-,3,486575.0671882415
Arkansas,Phillips,-,-,-,-
Arkansas,Pike,-,-,14,2270683.6468784604
Arkansas,Poinsett,-,-,-,-
Arkansas,Polk,-,-,20,3243833.7812549435
Arkansas,Pope,-,-,20,3243833.7812549435
Arkansas,Prairie,-,-,-,-
Arkansas,Pulaski,-,-,-,-
Arkansas,Randolph,1,188062.63238907745,27,4379175.604694174
Arkansas,St.Francis,-,-,-,-
Arkansas,Saline,-,-,-,-
Arkansas,Scott,-,-,29,4703558.982819668
Arkansas,Searcy,-,-,1,162191.68906274717
Arkansas,Sebastian,-,-,16,2595067.025003955
Arkansas,Sevier,-,-,50,8109584.45313736
Arkansas,Sharp,-,-,35,5676709.117196151
Arkansas,Stone,-,-,10,1621916.8906274717
Arkansas,Union,-,-,3,486575.0671882415
Arkansas,VanBuren,-,-,1,162191.68906274717
Arkansas,Washington,-,-,71,11515609.923455048
Arkansas,White,1,188062.63238907745,23,3730408.848443185
Arkansas,Woodruff,-,-,-,-
Arkansas,Yell,-,-,41,6649859.251572634
California,California,26,10449897.13449288,25,37809194.81020105
California,Alameda,-,-,-,-
California,Alpine,-,-,-,-
California,Amador,-,-,-,-
California,Butte,-,-,-,-
California,Calaveras,-,-,-,-
California,Colusa,-,-,-,-
California,ContraCosta,-,-,-,-
California,DelNorte,-,-,-,-
California,ElDorado,-,-,-,-
California,Fresno,-,-,7,10586574.546856293
California,Glenn,-,-,-,-
California,Humboldt,-,-,-,-
California,Imperial,-,-,-,-
California,Inyo,-,-,-,-
California,Kern,2,803838.2411148369,-,-
California,Kings,-,-,-,-
California,Lake,-,-,-,-
California,Lassen,-,-,-,-
California,LosAngeles,-,-,-,-
California,Madera,1,401919.12055741844,1,1512367.792408042
California,Marin,-,-,-,-
California,Mariposa,-,-,-,-
California,Mendocino,-,-,-,-
California,Merced,6,2411514.723344511,1,1512367.792408042
California,Modoc,-,-,-,-
California,Mono,-,-,-,-
California,Monterey,-,-,-,-
California,Napa,-,-,-,-
California,Nevada,-,-,-,-
California,Orange,-,-,-,-
California,Placer,-,-,1,1512367.792408042
California,Plumas,-,-,-,-
California,Riverside,2,803838.2411148369,-,-
California,Sacramento,-,-,2,3024735.584816084
California,SanBenito,-,-,-,-
California,SanBernardino,3,1205757.3616722554,-,-
California,SanDiego,1,401919.12055741844,-,-
California,SanFrancisco,-,-,-,-
California,SanJoaquin,4,1607676.4822296738,-,-
California,SanLuisObispo,-,-,-,-
California,SanMateo,-,-,-,-
California,SantaBarbara,-,-,-,-
California,SantaClara,-,-,-,-
California,SantaCruz,1,401919.12055741844,-,-
California,Shasta,-,-,-,-
California,Sierra,-,-,-,-
California,Siskiyou,-,-,-,-
California,Solano,-,-,-,-
California,Sonoma,3,1205757.3616722554,2,3024735.584816084
California,Stanislaus,3,1205757.3616722554,8,12098942.339264335
California,Sutter,-,-,-,-
California,Tehama,-,-,-,-
California,Trinity,-,-,-,-
California,Tulare,-,-,3,4537103.377224125
California,Tuolumne,-,-,-,-
California,Ventura,-,-,-,-
California,Yolo,-,-,-,-
California,Yuba,-,-,-,-
Colorado,Colorado,3,1200556.2173512,1,119505.2355727755
Colorado,Adams,-,-,-,-
Colorado,Alamosa,-,-,-,-
Colorado,Arapahoe,-,-,-,-
Colorado,Archuleta,-,-,-,-
Colorado,Baca,-,-,-,-
Colorado,Bent,-,-,-,-
Colorado,Boulder,-,-,-,-
Colorado,Broomfield,-,-,-,-
Colorado,Chaffee,-,-,-,-
Colorado,Cheyenne,-,-,-,-
Colorado,ClearCreek,-,-,-,-
Colorado,Conejos,-,-,-,-
Colorado,Costilla,-,-,-,-
Colorado,Crowley,-,-,-,-
Colorado,Custer,-,-,-,-
Colorado,Delta,-,-,-,-
Colorado,Denver,-,-,-,-
Colorado,Dolores,-,-,-,-
Colorado,Douglas,-,-,-,-
Colorado,Eagle,-,-,-,-
Colorado,Elbert,-,-,-,-
Colorado,ElPaso,-,-,-,-
Colorado,Fremont,-,-,-,-
Colorado,Garfield,-,-,-,-
Colorado,Gilpin,-,-,-,-
Colorado,Grand,-,-,-,-
Colorado,Gunnison,-,-,-,-
Colorado,Hinsdale,-,-,-,-
Colorado,Huerfano,-,-,-,-
Colorado,Jackson,-,-,-,-
Colorado,Jefferson,-,-,-,-
Colorado,Kiowa,-,-,-,-
Colorado,KitCarson,-,-,-,-
Colorado,Lake,-,-,-,-
Colorado,LaPlata,-,-,-,-
Colorado,Larimer,-,-,-,-
Colorado,LasAnimas,-,-,-,-
Colorado,Lincoln,-,-,-,-
Colorado,Logan,-,-,-,-
Colorado,Mesa,1,400185.4057837334,-,-
Colorado,Mineral,-,-,-,-
Colorado,Moffat,-,-,-,-
Colorado,Montezuma,-,-,-,-
Colorado,Montrose,1,400185.4057837334,-,-
Colorado,Morgan,-,-,-,-
Colorado,Otero,-,-,-,-
Colorado,Ouray,-,-,-,-
Colorado,Park,-,-,-,-
Colorado,Phillips,-,-,-,-
Colorado,Pitkin,-,-,-,-
Colorado,Prowers,-,-,-,-
Colorado,Pueblo,-,-,-,-
Colorado,RioBlanco,-,-,-,-
Colorado,RioGrande,-,-,-,-
Colorado,Routt,-,-,-,-
Colorado,Saguache,-,-,-,-
Colorado,SanJuan,-,-,-,-
Colorado,SanMiguel,-,-,-,-
Colorado,Sedgwick,-,-,-,-
Colorado,Summit,-,-,-,-
Colorado,Teller,-,-,-,-
Colorado,Washington,-,-,-,-
Colorado,Weld,1,400185.4057837334,1,119505.2355727755
Colorado,Yuma,-,-,-,-
Connecticut,Connecticut,1,100000,-,-
Connecticut,Fairfield,-,-,-,-
Connecticut,Hartford,-,-,-,-
Connecticut,Litchfield,-,-,-,-
Connecticut,Middlesex,-,-,-,-
Connecticut,NewHaven,-,-,-,-
Connecticut,NewLondon,1,100000,-,-
Connecticut,Tolland,-,-,-,-
Connecticut,Windham,-,-,-,-
Delaware,Delaware,1,100000,177,26051184.27292775
Delaware,Kent,-,-,58,8536546.258925477
Delaware,NewCastle,1,100000,6,883090.9923026355
Delaware,Sussex,-,-,113,16631547.021699637
Florida,Florida,10,5253221.648053687,58,9987240.39616149
Florida,Alachua,-,-,-,-
Florida,Baker,-,-,-,-
Florida,Bay,-,-,-,-
Florida,Bradford,-,-,-,-
Florida,Brevard,-,-,-,-
Florida,Broward,-,-,-,-
Florida,Calhoun,-,-,-,-
Florida,Charlotte,-,-,-,-
Florida,Citrus,-,-,-,-
Florida,Clay,-,-,-,-
Florida,Collier,-,-,-,-
Florida,Columbia,1,525322.1648053688,1,172193.7999338188
Florida,DeSoto,-,-,-,-
Florida,Dixie,-,-,-,-
Florida,Duval,-,-,-,-
Florida,Escambia,-,-,-,-
Florida,Flagler,-,-,-,-
Florida,Franklin,-,-,-,-
Florida,Gadsden,1,525322.1648053688,-,-
Florida,Gilchrist,-,-,-,-
Florida,Glades,-,-,-,-
Florida,Gulf,-,-,-,-
Florida,Hamilton,-,-,3,516581.39980145637
Florida,Hardee,-,-,-,-
Florida,Hendry,-,-,-,-
Florida,Hernando,-,-,-,-
Florida,Highlands,-,-,-,-
Florida,Hillsborough,-,-,-,-
Florida,Holmes,-,-,-,-
Florida,IndianRiver,-,-,-,-
Florida,Jackson,-,-,3,516581.39980145637
Florida,Jefferson,-,-,-,-
Florida,Lafayette,-,-,12,2066325.5992058255
Florida,Lake,1,525322.1648053688,-,-
Florida,Lee,-,-,-,-
Florida,Leon,-,-,-,-
Florida,Levy,-,-,-,-
Florida,Liberty,-,-,-,-
Florida,Madison,-,-,7,1205356.5995367316
Florida,Manatee,-,-,-,-
Florida,Marion,-,-,-,-
Florida,Martin,-,-,-,-
Florida,Miami-Dade,-,-,-,-
Florida,Monroe,-,-,-,-
Florida,Nassau,-,-,-,-
Florida,Okaloosa,-,-,-,-
Florida,Okeechobee,1,525322.1648053688,-,-
Florida,Orange,-,-,-,-
Florida,Osceola,-,-,-,-
Florida,PalmBeach,-,-,-,-
Florida,Pasco,4,2101288.659221475,-,-
Florida,Pinellas,-,-,-,-
Florida,Polk,1,525322.1648053688,-,-
Florida,Putnam,-,-,-,-
Florida,St.Johns,-,-,-,-
Florida,St.Lucie,-,-,-,-
Florida,SantaRosa,-,-,-,-
Florida,Sarasota,-,-,-,-
Florida,Seminole,-,-,-,-
Florida,Sumter,1,525322.1648053688,-,-
Florida,Suwannee,-,-,23,3960457.3984778323
Florida,Taylor,-,-,5,860968.999669094
Florida,Union,-,-,-,-
Florida,Volusia,-,-,-,-
Florida,Wakulla,-,-,-,-
Florida,Walton,-,-,4,688775.1997352752
Florida,Washington,-,-,-,-
Georgia,Georgia,13,3522582.5809940933,"1,196",202792876.22651598
Georgia,Appling,-,-,21,3560744.4822381567
Georgia,Atkinson,-,-,7,1186914.827412719
Georgia,Bacon,1,270967.89084569947,3,508677.78317687946
Georgia,Baker,-,-,2,339118.5221179197
Georgia,Baldwin,-,-,-,-
Georgia,Banks,-,-,33,5595455.614945674
Georgia,Barrow,-,-,7,1186914.827412719
Georgia,Bartow,-,-,13,2204270.393766478
Georgia,BenHill,-,-,2,339118.5221179197
Georgia,Berrien,-,-,5,847796.3052947992
Georgia,Bibb,-,-,4,678237.0442358394
Georgia,Bleckley,-,-,-,-
Georgia,Brantley,2,541935.7816913989,-,-
Georgia,Brooks,-,-,1,169559.26105895985
Georgia,Bryan,-,-,-,-
Georgia,Bulloch,-,-,5,847796.3052947992
Georgia,Burke,-,-,-,-
Georgia,Butts,-,-,-,-
Georgia,Calhoun,-,-,2,339118.5221179197
Georgia,Camden,-,-,-,-
Georgia,Candler,-,-,-,-
Georgia,Carroll,-,-,47,7969285.269771112
Georgia,Catoosa,-,-,8,1356474.0884716788
Georgia,Charlton,-,-,-,-
Georgia,Chatham,-,-,-,-
Georgia,Chattahoochee,-,-,2,339118.5221179197
Georgia,Chattooga,-,-,9,1526033.3495306387
Georgia,Cherokee,-,-,-,-
Georgia,Clarke,-,-,1,169559.26105895985
Georgia,Clay,-,-,-,-
Georgia,Clayton,-,-,-,-
Georgia,Clinch,-,-,-,-
Georgia,Cobb,-,-,-,-
Georgia,Coffee,-,-,21,3560744.4822381567
Georgia,Colquitt,-,-,30,5086777.831768795
Georgia,Columbia,-,-,-,-
Georgia,Cook,-,-,7,1186914.827412719
Georgia,Coweta,-,-,-,-
Georgia,Crawford,-,-,18,3052066.6990612773
Georgia,Crisp,-,-,1,169559.26105895985
Georgia,Dade,-,-,9,1526033.3495306387
Georgia,Dawson,-,-,28,4747659.309650876
Georgia,Decatur,-,-,5,847796.3052947992
Georgia,DeKalb,-,-,-,-
Georgia,Dodge,-,-,1,169559.26105895985
Georgia,Dooly,-,-,4,678237.0442358394
Georgia,Dougherty,-,-,-,-
Georgia,Douglas,-,-,-,-
Georgia,Early,-,-,-,-
Georgia,Echols,-,-,-,-
Georgia,Effingham,-,-,-,-
Georgia,Elbert,-,-,32,5425896.353886715
Georgia,Emanuel,-,-,-,-
Georgia,Evans,-,-,2,339118.5221179197
Georgia,Fannin,-,-,2,339118.5221179197
Georgia,Fayette,-,-,-,-
Georgia,Floyd,-,-,12,2034711.1327075178
Georgia,Forsyth,-,-,5,847796.3052947992
Georgia,Franklin,-,-,75,12716944.579421988
Georgia,Fulton,-,-,-,-
Georgia,Gilmer,-,-,49,8308403.791889031
Georgia,Glascock,-,-,-,-
Georgia,Glynn,-,-,-,-
Georgia,Gordon,-,-,52,8817081.575065913
Georgia,Grady,-,-,14,2373829.654825438
Georgia,Greene,-,-,9,1526033.3495306387
Georgia,Gwinnett,-,-,-,-
Georgia,Habersham,-,-,16,2712948.1769433576
Georgia,Hall,1,270967.89084569947,13,2204270.393766478
Georgia,Hancock,-,-,-,-
Georgia,Haralson,-,-,12,2034711.1327075178
Georgia,Harris,-,-,-,-
Georgia,Hart,1,270967.89084569947,53,8986640.83612487
Georgia,Heard,-,-,13,2204270.393766478
Georgia,Henry,-,-,-,-
Georgia,Houston,-,-,1,169559.26105895985
Georgia,Irwin,-,-,3,508677.78317687946
Georgia,Jackson,2,541935.7816913989,38,6443251.920240474
Georgia,Jasper,3,812903.6725370984,1,169559.26105895985
Georgia,JeffDavis,-,-,2,339118.5221179197
Georgia,Jefferson,-,-,-,-
Georgia,Jenkins,-,-,-,-
Georgia,Johnson,-,-,-,-
Georgia,Jones,-,-,4,678237.0442358394
Georgia,Lamar,-,-,7,1186914.827412719
Georgia,Lanier,-,-,-,-
Georgia,Laurens,-,-,-,-
Georgia,Lee,-,-,-,-
Georgia,Liberty,-,-,-,-
Georgia,Lincoln,-,-,-,-
Georgia,Long,-,-,2,339118.5221179197
Georgia,Lowndes,-,-,-,-
Georgia,Lumpkin,-,-,16,2712948.1769433576
Georgia,McDuffie,-,-,-,-
Georgia,McIntosh,-,-,-,-
Georgia,Macon,-,-,30,5086777.831768795
Georgia,Madison,-,-,64,10851792.70777343
Georgia,Marion,-,-,2,339118.5221179197
Georgia,Meriwether,-,-,-,-
Georgia,Miller,-,-,1,169559.26105895985
Georgia,Mitchell,-,-,13,2204270.393766478
Georgia,Monroe,-,-,6,1017355.5663537589
Georgia,Montgomery,1,270967.89084569947,-,-
Georgia,Morgan,1,270967.89084569947,11,1865151.8716485582
Georgia,Murray,-,-,37,6273692.659181514
Georgia,Muscogee,-,-,-,-
Georgia,Newton,-,-,-,-
Georgia,Oconee,-,-,3,508677.78317687946
Georgia,Oglethorpe,-,-,55,9325759.358242791
Georgia,Paulding,-,-,1,169559.26105895985
Georgia,Peach,-,-,1,169559.26105895985
Georgia,Pickens,-,-,8,1356474.0884716788
Georgia,Pierce,-,-,2,339118.5221179197
Georgia,Pike,-,-,1,169559.26105895985
Georgia,Polk,-,-,9,1526033.3495306387
Georgia,Pulaski,-,-,5,847796.3052947992
Georgia,Putnam,-,-,-,-
Georgia,Quitman,-,-,-,-
Georgia,Rabun,-,-,-,-
Georgia,Randolph,-,-,-,-
Georgia,Richmond,-,-,-,-
Georgia,Rockdale,-,-,-,-
Georgia,Schley,-,-,2,339118.5221179197
Georgia,Screven,-,-,-,-
Georgia,Seminole,-,-,-,-
Georgia,Spalding,-,-,1,169559.26105895985
Georgia,Stephens,-,-,5,847796.3052947992
Georgia,Stewart,-,-,-,-
Georgia,Sumter,-,-,7,1186914.827412719
Georgia,Talbot,-,-,-,-
Georgia,Taliaferro,-,-,11,1865151.8716485582
Georgia,Tattnall,-,-,77,13056063.101539908
Georgia,Taylor,-,-,9,1526033.3495306387
Georgia,Telfair,-,-,-,-
Georgia,Terrell,-,-,-,-
Georgia,Thomas,-,-,4,678237.0442358394
Georgia,Tift,-,-,-,-
Georgia,Toombs,-,-,10,1695592.6105895983
Georgia,Towns,-,-,-,-
Georgia,Treutlen,-,-,-,-
Georgia,Troup,-,-,-,-
Georgia,Turner,-,-,1,169559.26105895985
Georgia,Twiggs,-,-,-,-
Georgia,Union,-,-,-,-
Georgia,Upson,-,-,5,847796.3052947992
Georgia,Walker,-,-,27,4578100.0485919155
Georgia,Walton,-,-,2,339118.5221179197
Georgia,Ware,-,-,2,339118.5221179197
Georgia,Warren,-,-,-,-
Georgia,Washington,-,-,-,-
Georgia,Wayne,1,270967.89084569947,-,-
Georgia,Webster,-,-,-,-
Georgia,Wheeler,-,-,-,-
Georgia,White,-,-,14,2373829.654825438
Georgia,Whitfield,-,-,13,2204270.393766478
Georgia,Wilcox,-,-,8,1356474.0884716788
Georgia,Wilkes,-,-,17,2882507.438002317
Georgia,Wilkinson,-,-,1,169559.26105895985
Georgia,Worth,-,-,2,339118.5221179197
Idaho,Idaho,2,472509.4087563419,-,-
Idaho,Ada,-,-,-,-
Idaho,Adams,-,-,-,-
Idaho,Bannock,-,-,-,-
Idaho,BearLake,-,-,-,-
Idaho,Benewah,-,-,-,-
Idaho,Bingham,-,-,-,-
Idaho,Blaine,-,-,-,-
Idaho,Boise,-,-,-,-
Idaho,Bonner,-,-,-,-
Idaho,Bonneville,-,-,-,-
Idaho,Boundary,-,-,-,-
Idaho,Butte,-,-,-,-
Idaho,Camas,-,-,-,-
Idaho,Canyon,-,-,-,-
Idaho,Caribou,-,-,-,-
Idaho,Cassia,1,236254.70437817095,-,-
Idaho,Clark,-,-,-,-
Idaho,Clearwater,-,-,-,-
Idaho,Custer,-,-,-,-
Idaho,Elmore,-,-,-,-
Idaho,Franklin,1,236254.70437817095,-,-
Idaho,Fremont,-,-,-,-
Idaho,Gem,-,-,-,-
Idaho,Gooding,-,-,-,-
Idaho,Idaho,-,-,-,-
Idaho,Jefferson,-,-,-,-
Idaho,Jerome,-,-,-,-
Idaho,Kootenai,-,-,-,-
Idaho,Latah,-,-,-,-
Idaho,Lemhi,-,-,-,-
Idaho,Lewis,-,-,-,-
Idaho,Lincoln,-,-,-,-
Idaho,Madison,-,-,-,-
Idaho,Minidoka,-,-,-,-
Idaho,NezPerce,-,-,-,-
Idaho,Oneida,-,-,-,-
Idaho,Owyhee,-,-,-,-
Idaho,Payette,-,-,-,-
Idaho,Power,-,-,-,-
Idaho,Shoshone,-,-,-,-
Idaho,Teton,-,-,-,-
Idaho,TwinFalls,-,-,-,-
Idaho,Valley,-,-,-,-
Idaho,Washington,-,-,-,-
Illinois,Illinois,5,3516950.299094502,1,178075.81624870727
Illinois,Adams,-,-,-,-
Illinois,Alexander,-,-,-,-
Illinois,Bond,-,-,-,-
Illinois,Boone,-,-,-,-
Illinois,Brown,-,-,-,-
Illinois,Bureau,-,-,-,-
Illinois,Calhoun,-,-,-,-
Illinois,Carroll,-,-,-,-
Illinois,Cass,-,-,-,-
Illinois,Champaign,-,-,-,-
Illinois,Christian,-,-,-,-
Illinois,Clark,-,-,-,-
Illinois,Clay,-,-,-,-
Illinois,Clinton,1,703390.0598189004,-,-
Illinois,Coles,-,-,-,-
Illinois,Cook,-,-,-,-
Illinois,Crawford,-,-,-,-
Illinois,Cumberland,-,-,-,-
Illinois,DeKalb,-,-,-,-
Illinois,DeWitt,-,-,-,-
Illinois,Douglas,-,-,-,-
Illinois,DuPage,-,-,-,-
Illinois,Edgar,-,-,-,-
Illinois,Edwards,-,-,-,-
Illinois,Effingham,-,-,-,-
Illinois,Fayette,-,-,-,-
Illinois,Ford,-,-,-,-
Illinois,Franklin,-,-,-,-
Illinois,Fulton,-,-,-,-
Illinois,Gallatin,-,-,-,-
Illinois,Greene,-,-,-,-
Illinois,Grundy,-,-,-,-
Illinois,Hamilton,-,-,-,-
Illinois,Hancock,-,-,-,-
Illinois,Hardin,-,-,-,-
Illinois,Henderson,-,-,-,-
Illinois,Henry,-,-,-,-
Illinois,Iroquois,1,703390.0598189004,-,-
Illinois,Jackson,-,-,-,-
Illinois,Jasper,-,-,-,-
Illinois,Jefferson,-,-,-,-
Illinois,Jersey,-,-,-,-
Illinois,JoDaviess,-,-,-,-
Illinois,Johnson,-,-,-,-
Illinois,Kane,-,-,-,-
Illinois,Kankakee,1,703390.0598189004,-,-
Illinois,Kendall,-,-,-,-
Illinois,Knox,-,-,-,-
Illinois,Lake,-,-,-,-
Illinois,LaSalle,-,-,-,-
Illinois,Lawrence,-,-,-,-
Illinois,Lee,-,-,-,-
Illinois,Livingston,-,-,-,-
Illinois,Logan,-,-,-,-
Illinois,McDonough,-,-,-,-
Illinois,McHenry,-,-,-,-
Illinois,McLean,-,-,-,-
Illinois,Macon,-,-,-,-
Illinois,Macoupin,-,-,-,-
Illinois,Madison,-,-,-,-
Illinois,Marion,1,703390.0598189004,-,-
Illinois,Marshall,-,-,-,-
Illinois,Mason,-,-,-,-
Illinois,Massac,-,-,-,-
Illinois,Menard,-,-,-,-
Illinois,Mercer,-,-,-,-
Illinois,Monroe,-,-,-,-
Illinois,Montgomery,-,-,-,-
Illinois,Morgan,-,-,-,-
Illinois,Moultrie,-,-,-,-
Illinois,Ogle,-,-,-,-
Illinois,Peoria,-,-,-,-
Illinois,Perry,-,-,-,-
Illinois,Piatt,-,-,-,-
Illinois,Pike,-,-,-,-
Illinois,Pope,-,-,-,-
Illinois,Pulaski,-,-,-,-
Illinois,Putnam,-,-,-,-
Illinois,Randolph,-,-,-,-
Illinois,Richland,-,-,-,-
Illinois,RockIsland,-,-,-,-
Illinois,St.Clair,-,-,-,-
Illinois,Saline,-,-,1,178075.81624870727
Illinois,Sangamon,-,-,-,-
Illinois,Schuyler,-,-,-,-
Illinois,Scott,-,-,-,-
Illinois,Shelby,-,-,-,-
Illinois,Stark,-,-,-,-
Illinois,Stephenson,1,703390.0598189004,-,-
Illinois,Tazewell,-,-,-,-
Illinois,Union,-,-,-,-
Illinois,Vermilion,-,-,-,-
Illinois,Wabash,-,-,-,-
Illinois,Warren,-,-,-,-
Illinois,Washington,-,-,-,-
Illinois,Wayne,-,-,-,-
Illinois,White,-,-,-,-
Illinois,Whiteside,-,-,-,-
Illinois,Will,-,-,-,-
Illinois,Williamson,-,-,-,-
Illinois,Winnebago,-,-,-,-
Illinois,Woodford,-,-,-,-
Indiana,Indiana,23,15598301.459185014,25,3854081.7545954753
Indiana,Adams,2,1356374.0399291315,-,-
Indiana,Allen,-,-,-,-
Indiana,Bartholomew,-,-,-,-
Indiana,Benton,-,-,-,-
Indiana,Blackford,-,-,-,-
Indiana,Boone,-,-,-,-
Indiana,Brown,-,-,-,-
Indiana,Carroll,-,-,-,-
Indiana,Cass,-,-,-,-
Indiana,Clark,-,-,1,154163.270183819
Indiana,Clay,-,-,-,-
Indiana,Clinton,1,678187.0199645658,-,-
Indiana,Crawford,-,-,-,-
Indiana,Daviess,-,-,-,-
Indiana,Dearborn,-,-,-,-
Indiana,Decatur,-,-,-,-
Indiana,DeKalb,-,-,-,-
Indiana,Delaware,-,-,-,-
Indiana,Dubois,2,1356374.0399291315,-,-
Indiana,Elkhart,-,-,2,308326.540367638
Indiana,Fayette,-,-,-,-
Indiana,Floyd,-,-,-,-
Indiana,Fountain,-,-,-,-
Indiana,Franklin,-,-,-,-
Indiana,Fulton,-,-,-,-
Indiana,Gibson,-,-,-,-
Indiana,Grant,-,-,-,-
Indiana,Greene,-,-,-,-
Indiana,Hamilton,-,-,-,-
Indiana,Hancock,-,-,-,-
Indiana,Harrison,-,-,3,462489.810551457
Indiana,Hendricks,-,-,-,-
Indiana,Henry,-,-,-,-
Indiana,Howard,-,-,-,-
Indiana,Huntington,1,678187.0199645658,-,-
Indiana,Jackson,1,678187.0199645658,-,-
Indiana,Jasper,-,-,-,-
Indiana,Jay,6,4069122.1197873945,-,-
Indiana,Jefferson,-,-,-,-
Indiana,Jennings,1,678187.0199645658,-,-
Indiana,Johnson,-,-,-,-
Indiana,Knox,-,-,-,-
Indiana,Kosciusko,1,678187.0199645658,2,308326.540367638
Indiana,LaGrange,-,-,1,154163.270183819
Indiana,Lake,-,-,-,-
Indiana,LaPorte,-,-,-,-
Indiana,Lawrence,-,-,-,-
Indiana,Madison,-,-,-,-
Indiana,Marion,-,-,-,-
Indiana,Marshall,-,-,-,-
Indiana,Martin,-,-,-,-
Indiana,Miami,-,-,-,-
Indiana,Monroe,-,-,-,-
Indiana,Montgomery,-,-,-,-
Indiana,Morgan,-,-,-,-
Indiana,Newton,1,678187.0199645658,-,-
Indiana,Noble,-,-,-,-
Indiana,Ohio,-,-,-,-
Indiana,Orange,1,678187.0199645658,2,308326.540367638
Indiana,Owen,-,-,-,-
Indiana,Parke,-,-,-,-
Indiana,Perry,-,-,-,-
Indiana,Pike,-,-,-,-
Indiana,Porter,-,-,-,-
Indiana,Posey,-,-,-,-
Indiana,Pulaski,1,678187.0199645658,-,-
Indiana,Putnam,-,-,-,-
Indiana,Randolph,-,-,-,-
Indiana,Ripley,-,-,-,-
Indiana,Rush,-,-,-,-
Indiana,St.Joseph,-,-,-,-
Indiana,Scott,-,-,-,-
Indiana,Shelby,-,-,-,-
Indiana,Spencer,-,-,-,-
Indiana,Starke,-,-,-,-
Indiana,Steuben,-,-,-,-
Indiana,Sullivan,-,-,-,-
Indiana,Switzerland,-,-,-,-
Indiana,Tippecanoe,-,-,-,-
Indiana,Tipton,1,678187.0199645658,-,-
Indiana,Union,-,-,-,-
Indiana,Vanderburgh,-,-,-,-
Indiana,Vermillion,-,-,-,-
Indiana,Vigo,-,-,-,-
Indiana,Wabash,1,678187.0199645658,-,-
Indiana,Warren,-,-,-,-
Indiana,Warrick,-,-,-,-
Indiana,Washington,1,678187.0199645658,14,2158285.782573466
Indiana,Wayne,-,-,-,-
Indiana,Wells,2,1356374.0399291315,-,-
Indiana,White,-,-,-,-
Indiana,Whitley,-,-,-,-
Iowa,Iowa,33,27882642.822054263,10,2016143.5682952728
Iowa,Adair,1,844928.5703652807,-,-
Iowa,Adams,-,-,-,-
Iowa,Allamakee,-,-,1,201614.3568295273
Iowa,Appanoose,-,-,-,-
Iowa,Audubon,-,-,-,-
Iowa,Benton,-,-,-,-
Iowa,BlackHawk,-,-,-,-
Iowa,Boone,-,-,-,-
Iowa,Bremer,-,-,-,-
Iowa,Buchanan,-,-,-,-
Iowa,BuenaVista,2,1689857.1407305615,-,-
Iowa,Butler,-,-,-,-
Iowa,Calhoun,-,-,-,-
Iowa,Carroll,-,-,-,-
Iowa,Cass,1,844928.5703652807,-,-
Iowa,Cedar,-,-,-,-
Iowa,CerroGordo,-,-,-,-
Iowa,Cherokee,-,-,-,-
Iowa,Chickasaw,-,-,-,-
Iowa,Clarke,-,-,-,-
Iowa,Clay,1,844928.5703652807,-,-
Iowa,Clayton,-,-,-,-
Iowa,Clinton,-,-,-,-
Iowa,Crawford,-,-,-,-
Iowa,Dallas,1,844928.5703652807,-,-
Iowa,Davis,-,-,-,-
Iowa,Decatur,-,-,-,-
Iowa,Delaware,-,-,-,-
Iowa,DesMoines,-,-,-,-
Iowa,Dickinson,-,-,-,-
Iowa,Dubuque,-,-,-,-
Iowa,Emmet,1,844928.5703652807,-,-
Iowa,Fayette,1,844928.5703652807,-,-
Iowa,Floyd,-,-,-,-
Iowa,Franklin,1,844928.5703652807,-,-
Iowa,Fremont,-,-,-,-
Iowa,Greene,-,-,-,-
Iowa,Grundy,-,-,1,201614.3568295273
Iowa,Guthrie,1,844928.5703652807,-,-
Iowa,Hamilton,-,-,-,-
Iowa,Hancock,3,2534785.711095842,-,-
Iowa,Hardin,1,844928.5703652807,-,-
Iowa,Harrison,-,-,5,1008071.7841476364
Iowa,Henry,-,-,-,-
Iowa,Howard,-,-,-,-
Iowa,Humboldt,2,1689857.1407305615,-,-
Iowa,Ida,-,-,-,-
Iowa,Iowa,-,-,-,-
Iowa,Jackson,-,-,1,201614.3568295273
Iowa,Jasper,-,-,-,-
Iowa,Jefferson,-,-,-,-
Iowa,Johnson,-,-,-,-
Iowa,Jones,-,-,-,-
Iowa,Keokuk,-,-,-,-
Iowa,Kossuth,-,-,-,-
Iowa,Lee,-,-,-,-
Iowa,Linn,-,-,-,-
Iowa,Louisa,-,-,-,-
Iowa,Lucas,-,-,-,-
Iowa,Lyon,1,844928.5703652807,-,-
Iowa,Madison,1,844928.5703652807,-,-
Iowa,Mahaska,1,844928.5703652807,-,-
Iowa,Marion,-,-,-,-
Iowa,Marshall,-,-,-,-
Iowa,Mills,-,-,-,-
Iowa,Mitchell,-,-,-,-
Iowa,Monona,-,-,-,-
Iowa,Monroe,-,-,-,-
Iowa,Montgomery,-,-,-,-
Iowa,Muscatine,-,-,-,-
Iowa,O'Brien,1,844928.5703652807,-,-
Iowa,Osceola,1,844928.5703652807,-,-
Iowa,Page,-,-,-,-
Iowa,PaloAlto,1,844928.5703652807,-,-
Iowa,Plymouth,-,-,-,-
Iowa,Pocahontas,-,-,-,-
Iowa,Polk,-,-,-,-
Iowa,Pottawattamie,-,-,-,-
Iowa,Poweshiek,1,844928.5703652807,-,-
Iowa,Ringgold,-,-,-,-
Iowa,Sac,-,-,-,-
Iowa,Scott,-,-,-,-
Iowa,Shelby,-,-,-,-
Iowa,Sioux,3,2534785.711095842,-,-
Iowa,Story,-,-,-,-
Iowa,Tama,-,-,-,-
Iowa,Taylor,1,844928.5703652807,1,201614.3568295273
Iowa,Union,-,-,-,-
Iowa,VanBuren,-,-,-,-
Iowa,Wapello,-,-,-,-
Iowa,Warren,-,-,-,-
Iowa,Washington,-,-,-,-
Iowa,Wayne,-,-,-,-
Iowa,Webster,1,844928.5703652807,-,-
Iowa,Winnebago,1,844928.5703652807,-,-
Iowa,Winneshiek,-,-,1,201614.3568295273
Iowa,Woodbury,-,-,-,-
Iowa,Worth,-,-,-,-
Iowa,Wright,4,3379714.281461123,-,-
Kansas,Kansas,1,614761.7154424418,-,-
Kansas,Allen,-,-,-,-
Kansas,Anderson,-,-,-,-
Kansas,Atchison,-,-,-,-
Kansas,Barber,-,-,-,-
Kansas,Barton,-,-,-,-
Kansas,Bourbon,-,-,-,-
Kansas,Brown,-,-,-,-
Kansas,Butler,-,-,-,-
Kansas,Chase,-,-,-,-
Kansas,Chautauqua,-,-,-,-
Kansas,Cherokee,-,-,-,-
Kansas,Cheyenne,-,-,-,-
Kansas,Clark,-,-,-,-
Kansas,Clay,-,-,-,-
Kansas,Cloud,-,-,-,-
Kansas,Coffey,-,-,-,-
Kansas,Comanche,-,-,-,-
Kansas,Cowley,-,-,-,-
Kansas,Crawford,-,-,-,-
Kansas,Decatur,-,-,-,-
Kansas,Dickinson,-,-,-,-
Kansas,Doniphan,-,-,-,-
Kansas,Douglas,-,-,-,-
Kansas,Edwards,-,-,-,-
Kansas,Elk,-,-,-,-
Kansas,Ellis,-,-,-,-
Kansas,Ellsworth,-,-,-,-
Kansas,Finney,-,-,-,-
Kansas,Ford,-,-,-,-
Kansas,Franklin,-,-,-,-
Kansas,Geary,-,-,-,-
Kansas,Gove,-,-,-,-
Kansas,Graham,-,-,-,-
Kansas,Grant,-,-,-,-
Kansas,Gray,-,-,-,-
Kansas,Greeley,-,-,-,-
Kansas,Greenwood,-,-,-,-
Kansas,Hamilton,-,-,-,-
Kansas,Harper,-,-,-,-
Kansas,Harvey,-,-,-,-
Kansas,Haskell,-,-,-,-
Kansas,Hodgeman,-,-,-,-
Kansas,Jackson,-,-,-,-
Kansas,Jefferson,-,-,-,-
Kansas,Jewell,-,-,-,-
Kansas,Johnson,-,-,-,-
Kansas,Kearny,-,-,-,-
Kansas,Kingman,-,-,-,-
Kansas,Kiowa,-,-,-,-
Kansas,Labette,-,-,-,-
Kansas,Lane,-,-,-,-
Kansas,Leavenworth,-,-,-,-
Kansas,Lincoln,-,-,-,-
Kansas,Linn,-,-,-,-
Kansas,Logan,-,-,-,-
Kansas,Lyon,-,-,-,-
Kansas,McPherson,-,-,-,-
Kansas,Marion,-,-,-,-
Kansas,Marshall,-,-,-,-
Kansas,Meade,-,-,-,-
Kansas,Miami,-,-,-,-
Kansas,Mitchell,-,-,-,-
Kansas,Montgomery,-,-,-,-
Kansas,Morris,-,-,-,-
Kansas,Morton,-,-,-,-
Kansas,Nemaha,-,-,-,-
Kansas,Neosho,-,-,-,-
Kansas,Ness,-,-,-,-
Kansas,Norton,-,-,-,-
Kansas,Osage,-,-,-,-
Kansas,Osborne,-,-,-,-
Kansas,Ottawa,-,-,-,-
Kansas,Pawnee,-,-,-,-
Kansas,Phillips,-,-,-,-
Kansas,Pottawatomie,-,-,-,-
Kansas,Pratt,-,-,-,-
Kansas,Rawlins,-,-,-,-
Kansas,Reno,-,-,-,-
Kansas,Republic,-,-,-,-
Kansas,Rice,1,614761.7154424418,-,-
Kansas,Riley,-,-,-,-
Kansas,Rooks,-,-,-,-
Kansas,Rush,-,-,-,-
Kansas,Russell,-,-,-,-
Kansas,Saline,-,-,-,-
Kansas,Scott,-,-,-,-
Kansas,Sedgwick,-,-,-,-
Kansas,Seward,-,-,-,-
Kansas,Shawnee,-,-,-,-
Kansas,Sheridan,-,-,-,-
Kansas,Sherman,-,-,-,-
Kansas,Smith,-,-,-,-
Kansas,Stafford,-,-,-,-
Kansas,Stanton,-,-,-,-
Kansas,Stevens,-,-,-,-
Kansas,Sumner,-,-,-,-
Kansas,Thomas,-,-,-,-
Kansas,Trego,-,-,-,-
Kansas,Wabaunsee,-,-,-,-
Kansas,Wallace,-,-,-,-
Kansas,Washington,-,-,-,-
Kansas,Wichita,-,-,-,-
Kansas,Wilson,-,-,-,-
Kansas,Woodson,-,-,-,-
Kansas,Wyandotte,-,-,-,-
Kentucky,Kentucky,2,559188.4937060137,231,37626235.08227932
Kentucky,Adair,-,-,-,-
Kentucky,Allen,-,-,-,-
Kentucky,Anderson,-,-,-,-
Kentucky,Ballard,-,-,7,1140188.941887252
Kentucky,Barren,-,-,7,1140188.941887252
Kentucky,Bath,-,-,-,-
Kentucky,Bell,-,-,-,-
Kentucky,Boone,-,-,-,-
Kentucky,Bourbon,-,-,-,-
Kentucky,Boyd,-,-,-,-
Kentucky,Boyle,-,-,-,-
Kentucky,Bracken,-,-,-,-
Kentucky,Breathitt,-,-,-,-
Kentucky,Breckinridge,-,-,9,1465957.2109978956
Kentucky,Bullitt,-,-,-,-
Kentucky,Butler,-,-,3,488652.40366596513
Kentucky,Caldwell,-,-,-,-
Kentucky,Calloway,-,-,7,1140188.941887252
Kentucky,Campbell,-,-,-,-
Kentucky,Carlisle,-,-,8,1303073.076442574
Kentucky,Carroll,-,-,-,-
Kentucky,Carter,-,-,-,-
Kentucky,Casey,-,-,-,-
Kentucky,Christian,-,-,4,651536.538221287
Kentucky,Clark,-,-,-,-
Kentucky,Clay,-,-,-,-
Kentucky,Clinton,-,-,3,488652.40366596513
Kentucky,Crittenden,-,-,1,162884.13455532174
Kentucky,Cumberland,-,-,-,-
Kentucky,Daviess,-,-,7,1140188.941887252
Kentucky,Edmonson,-,-,-,-
Kentucky,Elliott,-,-,-,-
Kentucky,Estill,-,-,-,-
Kentucky,Fayette,-,-,-,-
Kentucky,Fleming,-,-,-,-
Kentucky,Floyd,-,-,-,-
Kentucky,Franklin,-,-,-,-
Kentucky,Fulton,-,-,2,325768.2691106435
Kentucky,Gallatin,-,-,-,-
Kentucky,Garrard,-,-,-,-
Kentucky,Grant,-,-,-,-
Kentucky,Graves,-,-,52,8469974.99687673
Kentucky,Grayson,-,-,1,162884.13455532174
Kentucky,Green,-,-,-,-
Kentucky,Greenup,-,-,-,-
Kentucky,Hancock,-,-,-,-
Kentucky,Hardin,-,-,1,162884.13455532174
Kentucky,Harlan,-,-,-,-
Kentucky,Harrison,-,-,-,-
Kentucky,Hart,-,-,-,-
Kentucky,Henderson,-,-,1,162884.13455532174
Kentucky,Henry,-,-,-,-
Kentucky,Hickman,-,-,28,4560755.767549008
Kentucky,Hopkins,-,-,11,1791725.4801085389
Kentucky,Jackson,-,-,-,-
Kentucky,Jefferson,-,-,-,-
Kentucky,Jessamine,-,-,-,-
Kentucky,Johnson,-,-,-,-
Kentucky,Kenton,-,-,-,-
Kentucky,Knott,-,-,-,-
Kentucky,Knox,-,-,-,-
Kentucky,Larue,-,-,-,-
Kentucky,Laurel,-,-,-,-
Kentucky,Lawrence,-,-,-,-
Kentucky,Lee,-,-,-,-
Kentucky,Leslie,-,-,-,-
Kentucky,Letcher,-,-,-,-
Kentucky,Lewis,-,-,-,-
Kentucky,Lincoln,-,-,-,-
Kentucky,Livingston,-,-,-,-
Kentucky,Logan,-,-,-,-
Kentucky,Lyon,-,-,-,-
Kentucky,McCracken,-,-,1,162884.13455532174
Kentucky,McCreary,-,-,-,-
Kentucky,McLean,-,-,26,4234987.498438365
Kentucky,Madison,-,-,-,-
Kentucky,Magoffin,-,-,-,-
Kentucky,Marion,-,-,-,-
Kentucky,Marshall,-,-,5,814420.6727766086
Kentucky,Martin,-,-,-,-
Kentucky,Mason,-,-,-,-
Kentucky,Meade,-,-,2,325768.2691106435
Kentucky,Menifee,-,-,-,-
Kentucky,Mercer,-,-,-,-
Kentucky,Metcalfe,-,-,-,-
Kentucky,Monroe,-,-,3,488652.40366596513
Kentucky,Montgomery,-,-,-,-
Kentucky,Morgan,-,-,-,-
Kentucky,Muhlenberg,1,279594.2468530068,7,1140188.941887252
Kentucky,Nelson,-,-,-,-
Kentucky,Nicholas,-,-,-,-
Kentucky,Ohio,-,-,13,2117493.7492191824
Kentucky,Oldham,-,-,-,-
Kentucky,Owen,-,-,-,-
Kentucky,Owsley,-,-,-,-
Kentucky,Pendleton,-,-,-,-
Kentucky,Perry,-,-,-,-
Kentucky,Pike,-,-,-,-
Kentucky,Powell,-,-,-,-
Kentucky,Pulaski,-,-,-,-
Kentucky,Robertson,-,-,-,-
Kentucky,Rockcastle,-,-,-,-
Kentucky,Rowan,-,-,-,-
Kentucky,Russell,-,-,-,-
Kentucky,Scott,-,-,-,-
Kentucky,Shelby,-,-,-,-
Kentucky,Simpson,-,-,-,-
Kentucky,Spencer,-,-,-,-
Kentucky,Taylor,-,-,2,325768.2691106435
Kentucky,Todd,1,279594.2468530068,2,325768.2691106435
Kentucky,Trigg,-,-,-,-
Kentucky,Trimble,-,-,-,-
Kentucky,Union,-,-,-,-
Kentucky,Warren,-,-,-,-
Kentucky,Washington,-,-,-,-
Kentucky,Wayne,-,-,2,325768.2691106435
Kentucky,Webster,-,-,16,2606146.152885148
Kentucky,Whitley,-,-,-,-
Kentucky,Wolfe,-,-,-,-
Kentucky,Woodford,-,-,-,-
Louisiana,Louisiana,4,1385230.3821224968,117,19059575.287609566
Louisiana,Acadia,-,-,-,-
Louisiana,Allen,-,-,-,-
Louisiana,Ascension,-,-,-,-
Louisiana,Assumption,-,-,-,-
Louisiana,Avoyelles,-,-,-,-
Louisiana,Beauregard,-,-,-,-
Louisiana,Bienville,-,-,5,814511.7644277591
Louisiana,Bossier,-,-,-,-
Louisiana,Caddo,-,-,-,-
Louisiana,Calcasieu,-,-,-,-
Louisiana,Caldwell,-,-,-,-
Louisiana,Cameron,-,-,-,-
Louisiana,Catahoula,-,-,-,-
Louisiana,Claiborne,-,-,16,2606437.6461688294
Louisiana,Concordia,-,-,-,-
Louisiana,DeSoto,-,-,-,-
Louisiana,EastBatonRouge,-,-,1,162902.35288555184
Louisiana,EastCarroll,-,-,-,-
Louisiana,EastFeliciana,-,-,-,-
Louisiana,Evangeline,-,-,-,-
Louisiana,Franklin,-,-,-,-
Louisiana,Grant,-,-,-,-
Louisiana,Iberia,-,-,-,-
Louisiana,Iberville,-,-,-,-
Louisiana,Jackson,-,-,6,977414.117313311
Louisiana,Jefferson,-,-,-,-
Louisiana,JeffersonDavis,-,-,-,-
Louisiana,Lafayette,-,-,-,-
Louisiana,Lafourche,-,-,-,-
Louisiana,LaSalle,-,-,-,-
Louisiana,Lincoln,-,-,22,3583851.7634821404
Louisiana,Livingston,-,-,-,-
Louisiana,Madison,-,-,-,-
Louisiana,Morehouse,-,-,-,-
Louisiana,Natchitoches,-,-,3,488707.0586566555
Louisiana,Orleans,-,-,-,-
Louisiana,Ouachita,-,-,1,162902.35288555184
Louisiana,Plaquemines,-,-,-,-
Louisiana,PointeCoupee,-,-,-,-
Louisiana,Rapides,-,-,-,-
Louisiana,RedRiver,-,-,-,-
Louisiana,Richland,-,-,1,162902.35288555184
Louisiana,Sabine,-,-,20,3258047.0577110364
Louisiana,St.Bernard,-,-,-,-
Louisiana,St.Charles,-,-,-,-
Louisiana,St.Helena,3,1038922.7865918726,-,-
Louisiana,St.James,-,-,-,-
Louisiana,St.JohntheBaptist,-,-,-,-
Louisiana,St.Landry,-,-,-,-
Louisiana,St.Martin,-,-,-,-
Louisiana,St.Mary,-,-,-,-
Louisiana,St.Tammany,-,-,-,-
Louisiana,Tangipahoa,-,-,-,-
Louisiana,Tensas,-,-,-,-
Louisiana,Terrebonne,-,-,-,-
Louisiana,Union,-,-,33,5375777.645223211
Louisiana,Vermilion,-,-,-,-
Louisiana,Vernon,-,-,6,977414.117313311
Louisiana,Washington,-,-,-,-
Louisiana,Webster,-,-,1,162902.35288555184
Louisiana,WestBatonRouge,-,-,-,-
Louisiana,WestCarroll,-,-,-,-
Louisiana,WestFeliciana,-,-,-,-
Louisiana,Winn,1,346307.5955306242,2,325804.7057711037
Maine,Maine,1,371672.2126941394,-,-
Maine,Androscoggin,1,371672.2126941394,-,-
Maine,Aroostook,-,-,-,-
Maine,Cumberland,-,-,-,-
Maine,Franklin,-,-,-,-
Maine,Hancock,-,-,-,-
Maine,Kennebec,-,-,-,-
Maine,Knox,-,-,-,-
Maine,Lincoln,-,-,-,-
Maine,Oxford,-,-,-,-
Maine,Penobscot,-,-,-,-
Maine,Piscataquis,-,-,-,-
Maine,Sagadahoc,-,-,-,-
Maine,Somerset,-,-,-,-
Maine,Waldo,-,-,-,-
Maine,Washington,-,-,-,-
Maine,York,-,-,-,-
Maryland,Maryland,3,1618033.1967680524,206,33803766.79746146
Maryland,Allegany,-,-,-,-
Maryland,AnneArundel,-,-,-,-
Maryland,Baltimore,-,-,-,-
Maryland,Calvert,-,-,-,-
Maryland,Caroline,-,-,35,5743358.436461898
Maryland,Carroll,1,539344.3989226841,-,-
Maryland,Cecil,1,539344.3989226841,-,-
Maryland,Charles,-,-,-,-
Maryland,Dorchester,-,-,28,4594686.749169518
Maryland,Frederick,-,-,-,-
Maryland,Garrett,-,-,-,-
Maryland,Harford,-,-,-,-
Maryland,Howard,-,-,-,-
Maryland,Kent,-,-,3,492287.86598244833
Maryland,Montgomery,-,-,-,-
Maryland,PrinceGeorge's,-,-,-,-
Maryland,QueenAnne's,-,-,24,3938302.9278595867
Maryland,St.Mary's,-,-,-,-
Maryland,Somerset,-,-,41,6727934.168426794
Maryland,Talbot,-,-,4,656383.8213099312
Maryland,Washington,1,539344.3989226841,-,-
Maryland,Wicomico,-,-,34,5579262.481134415
Maryland,Worcester,-,-,37,6071550.347116863
Massachusetts,Massachusetts,1,136041.29731984567,-,-
Massachusetts,Barnstable,-,-,-,-
Massachusetts,Berkshire,-,-,-,-
Massachusetts,Bristol,-,-,-,-
Massachusetts,Dukes,-,-,-,-
Massachusetts,Essex,-,-,-,-
Massachusetts,Franklin,-,-,-,-
Massachusetts,Hampden,-,-,-,-
Massachusetts,Hampshire,-,-,-,-
Massachusetts,Middlesex,-,-,-,-
Massachusetts,Nantucket,-,-,-,-
Massachusetts,Norfolk,-,-,-,-
Massachusetts,Plymouth,-,-,-,-
Massachusetts,Suffolk,-,-,-,-
Massachusetts,Worcester,1,136041.29731984567,-,-
Michigan,Michigan,7,13378355.758471668,9,1368454.3252263705
Michigan,Alcona,-,-,-,-
Michigan,Alger,-,-,-,-
Michigan,Allegan,4,7644774.719126667,-,-
Michigan,Alpena,-,-,-,-
Michigan,Antrim,-,-,-,-
Michigan,Arenac,-,-,-,-
Michigan,Baraga,-,-,-,-
Michigan,Barry,-,-,-,-
Michigan,Bay,-,-,-,-
Michigan,Benzie,-,-,-,-
Michigan,Berrien,-,-,-,-
Michigan,Branch,-,-,5,760252.4029035391
Michigan,Calhoun,-,-,-,-
Michigan,Cass,-,-,-,-
Michigan,Charlevoix,-,-,-,-
Michigan,Cheboygan,-,-,-,-
Michigan,Chippewa,-,-,-,-
Michigan,Clare,-,-,-,-
Michigan,Clinton,-,-,-,-
Michigan,Crawford,-,-,-,-
Michigan,Delta,-,-,-,-
Michigan,Dickinson,-,-,-,-
Michigan,Eaton,-,-,-,-
Michigan,Emmet,-,-,-,-
Michigan,Genesee,-,-,-,-
Michigan,Gladwin,-,-,-,-
Michigan,Gogebic,-,-,-,-
Michigan,GrandTraverse,-,-,-,-
Michigan,Gratiot,-,-,-,-
Michigan,Hillsdale,-,-,-,-
Michigan,Houghton,-,-,-,-
Michigan,Huron,1,1911193.6797816667,-,-
Michigan,Ingham,-,-,-,-
Michigan,Ionia,1,1911193.6797816667,-,-
Michigan,Iosco,-,-,-,-
Michigan,Iron,-,-,-,-
Michigan,Isabella,-,-,-,-
Michigan,Jackson,-,-,-,-
Michigan,Kalamazoo,-,-,-,-
Michigan,Kalkaska,-,-,-,-
Michigan,Kent,-,-,-,-
Michigan,Keweenaw,-,-,-,-
Michigan,Lake,-,-,-,-
Michigan,Lapeer,-,-,-,-
Michigan,Leelanau,-,-,-,-
Michigan,Lenawee,-,-,-,-
Michigan,Livingston,-,-,-,-
Michigan,Luce,-,-,-,-
Michigan,Mackinac,-,-,-,-
Michigan,Macomb,-,-,-,-
Michigan,Manistee,-,-,-,-
Michigan,Marquette,-,-,-,-
Michigan,Mason,-,-,-,-
Michigan,Mecosta,-,-,-,-
Michigan,Menominee,-,-,-,-
Michigan,Midland,-,-,-,-
Michigan,Missaukee,-,-,-,-
Michigan,Monroe,-,-,-,-
Michigan,Montcalm,-,-,-,-
Michigan,Montmorency,-,-,-,-
Michigan,Muskegon,-,-,-,-
Michigan,Newaygo,-,-,-,-
Michigan,Oakland,-,-,-,-
Michigan,Oceana,-,-,-,-
Michigan,Ogemaw,-,-,-,-
Michigan,Ontonagon,-,-,-,-
Michigan,Osceola,-,-,-,-
Michigan,Oscoda,-,-,-,-
Michigan,Otsego,-,-,-,-
Michigan,Ottawa,1,1911193.6797816667,1,152050.48058070784
Michigan,PresqueIsle,-,-,-,-
Michigan,Roscommon,-,-,-,-
Michigan,Saginaw,-,-,-,-
Michigan,St.Clair,-,-,-,-
Michigan,St.Joseph,-,-,3,456151.44174212345
Michigan,Sanilac,-,-,-,-
Michigan,Schoolcraft,-,-,-,-
Michigan,Shiawassee,-,-,-,-
Michigan,Tuscola,-,-,-,-
Michigan,VanBuren,-,-,-,-
Michigan,Washtenaw,-,-,-,-
Michigan,Wayne,-,-,-,-
Michigan,Wexford,-,-,-,-
Minnesota,Minnesota,24,11432769.993375039,15,2055746.7587511337
Minnesota,Aitkin,-,-,-,-
Minnesota,Anoka,-,-,-,-
Minnesota,Becker,-,-,-,-
Minnesota,Beltrami,-,-,-,-
Minnesota,Benton,-,-,1,137049.78391674228
Minnesota,BigStone,-,-,-,-
Minnesota,BlueEarth,1,476365.41639062663,-,-
Minnesota,Brown,-,-,-,-
Minnesota,Carlton,-,-,-,-
Minnesota,Carver,-,-,-,-
Minnesota,Cass,-,-,-,-
Minnesota,Chippewa,-,-,-,-
Minnesota,Chisago,-,-,-,-
Minnesota,Clay,4,1905461.6655625065,-,-
Minnesota,Clearwater,-,-,-,-
Minnesota,Cook,-,-,-,-
Minnesota,Cottonwood,-,-,-,-
Minnesota,CrowWing,-,-,-,-
Minnesota,Dakota,-,-,-,-
Minnesota,Dodge,-,-,-,-
Minnesota,Douglas,-,-,-,-
Minnesota,Faribault,-,-,-,-
Minnesota,Fillmore,-,-,-,-
Minnesota,Freeborn,-,-,-,-
Minnesota,Goodhue,-,-,-,-
Minnesota,Grant,-,-,-,-
Minnesota,Hennepin,-,-,-,-
Minnesota,Houston,-,-,-,-
Minnesota,Hubbard,-,-,-,-
Minnesota,Isanti,-,-,-,-
Minnesota,Itasca,-,-,-,-
Minnesota,Jackson,-,-,-,-
Minnesota,Kanabec,-,-,-,-
Minnesota,Kandiyohi,-,-,-,-
Minnesota,Kittson,-,-,-,-
Minnesota,Koochiching,-,-,-,-
Minnesota,LacquiParle,-,-,-,-
Minnesota,Lake,-,-,-,-
Minnesota,LakeoftheWoods,-,-,-,-
Minnesota,LeSueur,-,-,-,-
Minnesota,Lincoln,-,-,-,-
Minnesota,Lyon,-,-,-,-
Minnesota,McLeod,-,-,-,-
Minnesota,Mahnomen,-,-,-,-
Minnesota,Marshall,-,-,-,-
Minnesota,Martin,-,-,-,-
Minnesota,Meeker,4,1905461.6655625065,-,-
Minnesota,MilleLacs,3,1429096.2491718798,1,137049.78391674228
Minnesota,Morrison,1,476365.41639062663,9,1233448.0552506805
Minnesota,Mower,-,-,-,-
Minnesota,Murray,-,-,-,-
Minnesota,Nicollet,3,1429096.2491718798,-,-
Minnesota,Nobles,-,-,-,-
Minnesota,Norman,-,-,-,-
Minnesota,Olmsted,-,-,-,-
Minnesota,OtterTail,-,-,-,-
Minnesota,Pennington,-,-,-,-
Minnesota,Pine,-,-,-,-
Minnesota,Pipestone,-,-,-,-
Minnesota,Polk,-,-,-,-
Minnesota,Pope,-,-,-,-
Minnesota,Ramsey,-,-,-,-
Minnesota,RedLake,-,-,-,-
Minnesota,Redwood,-,-,-,-
Minnesota,Renville,-,-,-,-
Minnesota,Rice,-,-,-,-
Minnesota,Rock,-,-,-,-
Minnesota,Roseau,-,-,-,-
Minnesota,St.Louis,-,-,-,-
Minnesota,Scott,-,-,-,-
Minnesota,Sherburne,-,-,-,-
Minnesota,Sibley,1,476365.41639062663,-,-
Minnesota,Stearns,2,952730.8327812533,4,548199.1356669691
Minnesota,Steele,-,-,-,-
Minnesota,Stevens,-,-,-,-
Minnesota,Swift,-,-,-,-
Minnesota,Todd,3,1429096.2491718798,-,-
Minnesota,Traverse,-,-,-,-
Minnesota,Wabasha,-,-,-,-
Minnesota,Wadena,-,-,-,-
Minnesota,Waseca,-,-,-,-
Minnesota,Washington,-,-,-,-
Minnesota,Watonwan,-,-,-,-
Minnesota,Wilkin,-,-,-,-
Minnesota,Winona,-,-,-,-
Minnesota,Wright,2,952730.8327812533,-,-
Minnesota,YellowMedicine,-,-,-,-
Mississippi,Mississippi,2,409336.12230114365,650,103845307.2270495
Mississippi,Adams,-,-,-,-
Mississippi,Alcorn,-,-,-,-
Mississippi,Amite,-,-,10,1597620.1111853768
Mississippi,Attala,-,-,2,319524.0222370754
Mississippi,Benton,-,-,-,-
Mississippi,Bolivar,-,-,-,-
Mississippi,Calhoun,-,-,-,-
Mississippi,Carroll,-,-,-,-
Mississippi,Chickasaw,-,-,6,958572.066711226
Mississippi,Choctaw,-,-,-,-
Mississippi,Claiborne,-,-,-,-
Mississippi,Clarke,-,-,8,1278096.0889483015
Mississippi,Clay,-,-,-,-
Mississippi,Coahoma,-,-,-,-
Mississippi,Copiah,-,-,11,1757382.1223039145
Mississippi,Covington,-,-,33,5272146.366911744
Mississippi,DeSoto,-,-,-,-
Mississippi,Forrest,-,-,1,159762.0111185377
Mississippi,Franklin,-,-,-,-
Mississippi,George,-,-,-,-
Mississippi,Greene,-,-,15,2396430.1667780653
Mississippi,Grenada,-,-,-,-
Mississippi,Hancock,-,-,1,159762.0111185377
Mississippi,Harrison,-,-,-,-
Mississippi,Hinds,1,204668.06115057183,-,-
Mississippi,Holmes,-,-,-,-
Mississippi,Humphreys,-,-,-,-
Mississippi,Issaquena,-,-,-,-
Mississippi,Itawamba,-,-,-,-
Mississippi,Jackson,-,-,-,-
Mississippi,Jasper,-,-,40,6390480.444741507
Mississippi,Jefferson,-,-,8,1278096.0889483015
Mississippi,JeffersonDavis,-,-,5,798810.0555926884
Mississippi,Jones,-,-,41,6550242.455860045
Mississippi,Kemper,-,-,1,159762.0111185377
Mississippi,Lafayette,-,-,-,-
Mississippi,Lamar,-,-,4,639048.0444741508
Mississippi,Lauderdale,-,-,-,-
Mississippi,Lawrence,-,-,27,4313574.300200517
Mississippi,Leake,-,-,65,10384530.722704949
Mississippi,Lee,-,-,1,159762.0111185377
Mississippi,Leflore,-,-,-,-
Mississippi,Lincoln,-,-,19,3035478.2112522162
Mississippi,Lowndes,-,-,5,798810.0555926884
Mississippi,Madison,-,-,-,-
Mississippi,Marion,-,-,19,3035478.2112522162
Mississippi,Marshall,-,-,-,-
Mississippi,Monroe,-,-,1,159762.0111185377
Mississippi,Montgomery,-,-,-,-
Mississippi,Neshoba,-,-,37,5911194.411385895
Mississippi,Newton,-,-,24,3834288.266844904
Mississippi,Noxubee,-,-,12,1917144.133422452
Mississippi,Oktibbeha,-,-,1,159762.0111185377
Mississippi,Panola,-,-,-,-
Mississippi,PearlRiver,-,-,-,-
Mississippi,Perry,-,-,2,319524.0222370754
Mississippi,Pike,-,-,6,958572.066711226
Mississippi,Pontotoc,-,-,-,-
Mississippi,Prentiss,-,-,-,-
Mississippi,Quitman,-,-,-,-
Mississippi,Rankin,-,-,29,4633098.322437593
Mississippi,Scott,-,-,46,7349052.511452734
Mississippi,Sharkey,-,-,-,-
Mississippi,Simpson,1,204668.06115057183,40,6390480.444741507
Mississippi,Smith,-,-,50,7988100.555926885
Mississippi,Stone,-,-,-,-
Mississippi,Sunflower,-,-,-,-
Mississippi,Tallahatchie,-,-,-,-
Mississippi,Tate,-,-,-,-
Mississippi,Tippah,-,-,-,-
Mississippi,Tishomingo,-,-,-,-
Mississippi,Tunica,-,-,-,-
Mississippi,Union,-,-,-,-
Mississippi,Walthall,-,-,22,3514764.244607829
Mississippi,Warren,-,-,-,-
Mississippi,Washington,-,-,-,-
Mississippi,Wayne,-,-,45,7189290.500334196
Mississippi,Webster,-,-,-,-
Mississippi,Wilkinson,-,-,-,-
Mississippi,Winston,-,-,13,2076906.14454099
Mississippi,Yalobusha,-,-,-,-
Mississippi,Yazoo,-,-,-,-
Missouri,Missouri,3,826275.2618359047,333,51260745.43197545
Missouri,Adair,-,-,-,-
Missouri,Andrew,-,-,-,-
Missouri,Atchison,-,-,-,-
Missouri,Audrain,-,-,-,-
Missouri,Barry,-,-,69,10621595.900319235
Missouri,Barton,-,-,-,-
Missouri,Bates,-,-,-,-
Missouri,Benton,-,-,30,4618085.174051842
Missouri,Bollinger,-,-,1,153936.17246839474
Missouri,Boone,-,-,-,-
Missouri,Buchanan,-,-,-,-
Missouri,Butler,-,-,-,-
Missouri,Caldwell,-,-,-,-
Missouri,Callaway,-,-,-,-
Missouri,Camden,-,-,-,-
Missouri,CapeGirardeau,-,-,-,-
Missouri,Carroll,-,-,-,-
Missouri,Carter,-,-,-,-
Missouri,Cass,-,-,-,-
Missouri,Cedar,-,-,-,-
Missouri,Chariton,-,-,-,-
Missouri,Christian,-,-,-,-
Missouri,Clark,-,-,-,-
Missouri,Clay,-,-,-,-
Missouri,Clinton,-,-,-,-
Missouri,Cole,-,-,-,-
Missouri,Cooper,-,-,1,153936.17246839474
Missouri,Crawford,-,-,-,-
Missouri,Dade,-,-,12,1847234.0696207366
Missouri,Dallas,-,-,-,-
Missouri,Daviess,-,-,-,-
Missouri,DeKalb,-,-,-,-
Missouri,Dent,-,-,-,-
Missouri,Douglas,-,-,-,-
Missouri,Dunklin,-,-,-,-
Missouri,Franklin,-,-,-,-
Missouri,Gasconade,-,-,-,-
Missouri,Gentry,-,-,-,-
Missouri,Greene,-,-,-,-
Missouri,Grundy,-,-,-,-
Missouri,Harrison,-,-,-,-
Missouri,Henry,-,-,-,-
Missouri,Hickory,-,-,-,-
Missouri,Holt,-,-,-,-
Missouri,Howard,-,-,-,-
Missouri,Howell,-,-,-,-
Missouri,Iron,-,-,-,-
Missouri,Jackson,-,-,-,-
Missouri,Jasper,-,-,-,-
Missouri,Jefferson,-,-,-,-
Missouri,Johnson,1,275425.0872786349,11,1693297.8971523421
Missouri,Knox,-,-,-,-
Missouri,Laclede,-,-,-,-
Missouri,Lafayette,-,-,-,-
Missouri,Lawrence,-,-,12,1847234.0696207366
Missouri,Lewis,-,-,-,-
Missouri,Lincoln,1,275425.0872786349,-,-
Missouri,Linn,-,-,-,-
Missouri,Livingston,-,-,-,-
Missouri,McDonald,-,-,30,4618085.174051842
Missouri,Macon,-,-,-,-
Missouri,Madison,-,-,-,-
Missouri,Maries,-,-,-,-
Missouri,Marion,-,-,-,-
Missouri,Mercer,-,-,-,-
Missouri,Miller,-,-,-,-
Missouri,Mississippi,-,-,-,-
Missouri,Moniteau,-,-,17,2616914.9319627103
Missouri,Monroe,-,-,-,-
Missouri,Montgomery,-,-,-,-
Missouri,Morgan,-,-,41,6311383.071204184
Missouri,NewMadrid,-,-,1,153936.17246839474
Missouri,Newton,1,275425.0872786349,46,7081063.933546158
Missouri,Nodaway,-,-,-,-
Missouri,Oregon,-,-,-,-
Missouri,Osage,-,-,-,-
Missouri,Ozark,-,-,-,-
Missouri,Pemiscot,-,-,-,-
Missouri,Perry,-,-,-,-
Missouri,Pettis,-,-,33,5079893.691457026
Missouri,Phelps,-,-,-,-
Missouri,Pike,-,-,-,-
Missouri,Platte,-,-,-,-
Missouri,Polk,-,-,-,-
Missouri,Pulaski,-,-,-,-
Missouri,Putnam,-,-,-,-
Missouri,Ralls,-,-,-,-
Missouri,Randolph,-,-,-,-
Missouri,Ray,-,-,-,-
Missouri,Reynolds,-,-,-,-
Missouri,Ripley,-,-,7,1077553.2072787632
Missouri,St.Charles,-,-,-,-
Missouri,St.Clair,-,-,-,-
Missouri,Ste.Genevieve,-,-,-,-
Missouri,St.Francois,-,-,-,-
Missouri,St.Louis,-,-,-,-
Missouri,Saline,-,-,-,-
Missouri,Schuyler,-,-,-,-
Missouri,Scotland,-,-,-,-
Missouri,Scott,-,-,6,923617.0348103683
Missouri,Shannon,-,-,-,-
Missouri,Shelby,-,-,-,-
Missouri,Stoddard,-,-,6,923617.0348103683
Missouri,Stone,-,-,10,1539361.7246839472
Missouri,Sullivan,-,-,-,-
Missouri,Taney,-,-,-,-
Missouri,Texas,-,-,-,-
Missouri,Vernon,-,-,-,-
Missouri,Warren,-,-,-,-
Missouri,Washington,-,-,-,-
Missouri,Wayne,-,-,-,-
Missouri,Webster,-,-,-,-
Missouri,Worth,-,-,-,-
Missouri,Wright,-,-,-,-
Montana,Montana,-,-,-,-
Montana,Beaverhead,-,-,-,-
Montana,BigHorn,-,-,-,-
Montana,Blaine,-,-,-,-
Montana,Broadwater,-,-,-,-
Montana,Carbon,-,-,-,-
Montana,Carter,-,-,-,-
Montana,Cascade,-,-,-,-
Montana,Chouteau,-,-,-,-
Montana,Custer,-,-,-,-
Montana,Daniels,-,-,-,-
Montana,Dawson,-,-,-,-
Montana,DeerLodge,-,-,-,-
Montana,Fallon,-,-,-,-
Montana,Fergus,-,-,-,-
Montana,Flathead,-,-,-,-
Montana,Gallatin,-,-,-,-
Montana,Garfield,-,-,-,-
Montana,Glacier,-,-,-,-
Montana,GoldenValley,-,-,-,-
Montana,Granite,-,-,-,-
Montana,Hill,-,-,-,-
Montana,Jefferson,-,-,-,-
Montana,JudithBasin,-,-,-,-
Montana,Lake,-,-,-,-
Montana,LewisandClark,-,-,-,-
Montana,Liberty,-,-,-,-
Montana,Lincoln,-,-,-,-
Montana,McCone,-,-,-,-
Montana,Madison,-,-,-,-
Montana,Meagher,-,-,-,-
Montana,Mineral,-,-,-,-
Montana,Missoula,-,-,-,-
Montana,Musselshell,-,-,-,-
Montana,Park,-,-,-,-
Montana,Petroleum,-,-,-,-
Montana,Phillips,-,-,-,-
Montana,Pondera,-,-,-,-
Montana,PowderRiver,-,-,-,-
Montana,Powell,-,-,-,-
Montana,Prairie,-,-,-,-
Montana,Ravalli,-,-,-,-
Montana,Richland,-,-,-,-
Montana,Roosevelt,-,-,-,-
Montana,Rosebud,-,-,-,-
Montana,Sanders,-,-,-,-
Montana,Sheridan,-,-,-,-
Montana,SilverBow,-,-,-,-
Montana,Stillwater,-,-,-,-
Montana,SweetGrass,-,-,-,-
Montana,Teton,-,-,-,-
Montana,Toole,-,-,-,-
Montana,Treasure,-,-,-,-
Montana,Valley,-,-,-,-
Montana,Wheatland,-,-,-,-
Montana,Wibaux,-,-,-,-
Montana,Yellowstone,-,-,-,-
Nebraska,Nebraska,10,5145472.859718032,41,15603372.086200148
Nebraska,Adams,-,-,-,-
Nebraska,Antelope,-,-,-,-
Nebraska,Arthur,-,-,-,-
Nebraska,Banner,-,-,-,-
Nebraska,Blaine,-,-,-,-
Nebraska,Boone,-,-,-,-
Nebraska,BoxButte,-,-,-,-
Nebraska,Boyd,-,-,-,-
Nebraska,Brown,-,-,-,-
Nebraska,Buffalo,-,-,-,-
Nebraska,Burt,-,-,-,-
Nebraska,Butler,3,1543641.8579154098,10,3805700.5088293045
Nebraska,Cass,-,-,-,-
Nebraska,Cedar,-,-,-,-
Nebraska,Chase,-,-,-,-
Nebraska,Cherry,-,-,-,-
Nebraska,Cheyenne,-,-,-,-
Nebraska,Clay,-,-,-,-
Nebraska,Colfax,-,-,1,380570.05088293046
Nebraska,Cuming,-,-,1,380570.05088293046
Nebraska,Custer,-,-,-,-
Nebraska,Dakota,-,-,-,-
Nebraska,Dawes,-,-,-,-
Nebraska,Dawson,-,-,-,-
Nebraska,Deuel,-,-,-,-
Nebraska,Dixon,1,514547.28597180324,-,-
Nebraska,Dodge,-,-,2,761140.1017658609
Nebraska,Douglas,-,-,-,-
Nebraska,Dundy,-,-,-,-
Nebraska,Fillmore,-,-,-,-
Nebraska,Franklin,-,-,-,-
Nebraska,Frontier,-,-,-,-
Nebraska,Furnas,-,-,-,-
Nebraska,Gage,2,1029094.5719436065,-,-
Nebraska,Garden,-,-,-,-
Nebraska,Garfield,-,-,-,-
Nebraska,Gosper,-,-,-,-
Nebraska,Grant,-,-,-,-
Nebraska,Greeley,-,-,-,-
Nebraska,Hall,1,514547.28597180324,-,-
Nebraska,Hamilton,-,-,1,380570.05088293046
Nebraska,Harlan,-,-,-,-
Nebraska,Hayes,-,-,-,-
Nebraska,Hitchcock,-,-,-,-
Nebraska,Holt,-,-,-,-
Nebraska,Hooker,-,-,-,-
Nebraska,Howard,-,-,-,-
Nebraska,Jefferson,1,514547.28597180324,-,-
Nebraska,Johnson,-,-,2,761140.1017658609
Nebraska,Kearney,-,-,-,-
Nebraska,Keith,-,-,-,-
Nebraska,KeyaPaha,-,-,-,-
Nebraska,Kimball,-,-,-,-
Nebraska,Knox,1,514547.28597180324,-,-
Nebraska,Lancaster,-,-,2,761140.1017658609
Nebraska,Lincoln,-,-,-,-
Nebraska,Logan,-,-,-,-
Nebraska,Loup,-,-,-,-
Nebraska,McPherson,-,-,-,-
Nebraska,Madison,-,-,1,380570.05088293046
Nebraska,Merrick,-,-,-,-
Nebraska,Morrill,-,-,-,-
Nebraska,Nance,-,-,-,-
Nebraska,Nemaha,-,-,1,380570.05088293046
Nebraska,Nuckolls,-,-,-,-
Nebraska,Otoe,-,-,-,-
Nebraska,Pawnee,-,-,-,-
Nebraska,Perkins,-,-,-,-
Nebraska,Phelps,-,-,-,-
Nebraska,Pierce,-,-,-,-
Nebraska,Platte,-,-,8,3044560.4070634437
Nebraska,Polk,-,-,1,380570.05088293046
Nebraska,RedWillow,-,-,-,-
Nebraska,Richardson,-,-,-,-
Nebraska,Rock,-,-,-,-
Nebraska,Saline,-,-,-,-
Nebraska,Sarpy,-,-,-,-
Nebraska,Saunders,-,-,3,1141710.1526487912
Nebraska,ScottsBluff,-,-,-,-
Nebraska,Seward,-,-,4,1522280.2035317218
Nebraska,Sheridan,-,-,-,-
Nebraska,Sherman,-,-,-,-
Nebraska,Sioux,-,-,-,-
Nebraska,Stanton,-,-,-,-
Nebraska,Thayer,-,-,-,-
Nebraska,Thomas,-,-,-,-
Nebraska,Thurston,-,-,-,-
Nebraska,Valley,-,-,-,-
Nebraska,Washington,-,-,2,761140.1017658609
Nebraska,Wayne,1,514547.28597180324,-,-
Nebraska,Webster,-,-,-,-
Nebraska,Wheeler,-,-,-,-
Nebraska,York,-,-,2,761140.1017658609
Nevada,Nevada,-,-,-,-
Nevada,Churchill,-,-,-,-
Nevada,Clark,-,-,-,-
Nevada,Douglas,-,-,-,-
Nevada,Elko,-,-,-,-
Nevada,Esmeralda,-,-,-,-
Nevada,Eureka,-,-,-,-
Nevada,Humboldt,-,-,-,-
Nevada,Lander,-,-,-,-
Nevada,Lincoln,-,-,-,-
Nevada,Lyon,-,-,-,-
Nevada,Mineral,-,-,-,-
Nevada,Nye,-,-,-,-
Nevada,Pershing,-,-,-,-
Nevada,Storey,-,-,-,-
Nevada,Washoe,-,-,-,-
Nevada,WhitePine,-,-,-,-
Nevada,CarsonCity,-,-,-,-
New_Hampshire,NewHampshire,1,159544.19954139175,-,-
New_Hampshire,Belknap,-,-,-,-
New_Hampshire,Carroll,-,-,-,-
New_Hampshire,Cheshire,-,-,-,-
New_Hampshire,Coos,-,-,-,-
New_Hampshire,Grafton,1,159544.19954139175,-,-
New_Hampshire,Hillsborough,-,-,-,-
New_Hampshire,Merrimack,-,-,-,-
New_Hampshire,Rockingham,-,-,-,-
New_Hampshire,Strafford,-,-,-,-
New_Hampshire,Sullivan,-,-,-,-
New_Jersey,NewJersey,2,879317.6499646918,-,-
New_Jersey,Atlantic,-,-,-,-
New_Jersey,Bergen,-,-,-,-
New_Jersey,Burlington,-,-,-,-
New_Jersey,Camden,-,-,-,-
New_Jersey,CapeMay,-,-,-,-
New_Jersey,Cumberland,-,-,-,-
New_Jersey,Essex,-,-,-,-
New_Jersey,Gloucester,-,-,-,-
New_Jersey,Hudson,-,-,-,-
New_Jersey,Hunterdon,-,-,-,-
New_Jersey,Mercer,-,-,-,-
New_Jersey,Middlesex,-,-,-,-
New_Jersey,Monmouth,-,-,-,-
New_Jersey,Morris,-,-,-,-
New_Jersey,Ocean,-,-,-,-
New_Jersey,Passaic,-,-,-,-
New_Jersey,Salem,1,439658.8249823459,-,-
New_Jersey,Somerset,-,-,-,-
New_Jersey,Sussex,-,-,-,-
New_Jersey,Union,-,-,-,-
New_Jersey,Warren,1,439658.8249823459,-,-
New_Mexico,NewMexico,-,-,-,-
New_Mexico,Bernalillo,-,-,-,-
New_Mexico,Catron,-,-,-,-
New_Mexico,Chaves,-,-,-,-
New_Mexico,Cibola,-,-,-,-
New_Mexico,Colfax,-,-,-,-
New_Mexico,Curry,-,-,-,-
New_Mexico,DeBaca,-,-,-,-
New_Mexico,DonaAna,-,-,-,-
New_Mexico,Eddy,-,-,-,-
New_Mexico,Grant,-,-,-,-
New_Mexico,Guadalupe,-,-,-,-
New_Mexico,Harding,-,-,-,-
New_Mexico,Hidalgo,-,-,-,-
New_Mexico,Lea,-,-,-,-
New_Mexico,Lincoln,-,-,-,-
New_Mexico,LosAlamos,-,-,-,-
New_Mexico,Luna,-,-,-,-
New_Mexico,McKinley,-,-,-,-
New_Mexico,Mora,-,-,-,-
New_Mexico,Otero,-,-,-,-
New_Mexico,Quay,-,-,-,-
New_Mexico,RioArriba,-,-,-,-
New_Mexico,Roosevelt,-,-,-,-
New_Mexico,Sandoval,-,-,-,-
New_Mexico,SanJuan,-,-,-,-
New_Mexico,SanMiguel,-,-,-,-
New_Mexico,SantaFe,-,-,-,-
New_Mexico,Sierra,-,-,-,-
New_Mexico,Socorro,-,-,-,-
New_Mexico,Taos,-,-,-,-
New_Mexico,Torrance,-,-,-,-
New_Mexico,Union,-,-,-,-
New_Mexico,Valencia,-,-,-,-
New_York,NewYork,9,3747862.9381040437,1,210475.23449470886
New_York,Albany,-,-,-,-
New_York,Allegany,-,-,-,-
New_York,Bronx,-,-,-,-
New_York,Broome,-,-,-,-
New_York,Cattaraugus,-,-,-,-
New_York,Cayuga,-,-,-,-
New_York,Chautauqua,-,-,-,-
New_York,Chemung,-,-,-,-
New_York,Chenango,-,-,-,-
New_York,Clinton,1,416429.21534489375,-,-
New_York,Columbia,-,-,-,-
New_York,Cortland,-,-,-,-
New_York,Delaware,-,-,-,-
New_York,Dutchess,-,-,-,-
New_York,Erie,1,416429.21534489375,-,-
New_York,Essex,-,-,-,-
New_York,Franklin,-,-,-,-
New_York,Fulton,-,-,-,-
New_York,Genesee,1,416429.21534489375,-,-
New_York,Greene,-,-,-,-
New_York,Hamilton,-,-,-,-
New_York,Herkimer,-,-,-,-
New_York,Jefferson,-,-,-,-
New_York,Kings,-,-,-,-
New_York,Lewis,-,-,-,-
New_York,Livingston,-,-,-,-
New_York,Madison,-,-,-,-
New_York,Monroe,-,-,-,-
New_York,Montgomery,-,-,-,-
New_York,Nassau,-,-,-,-
New_York,NewYork,-,-,-,-
New_York,Niagara,-,-,-,-
New_York,Oneida,-,-,-,-
New_York,Onondaga,2,832858.4306897875,-,-
New_York,Ontario,-,-,-,-
New_York,Orange,-,-,-,-
New_York,Orleans,-,-,-,-
New_York,Oswego,-,-,-,-
New_York,Otsego,-,-,-,-
New_York,Putnam,-,-,-,-
New_York,Queens,-,-,-,-
New_York,Rensselaer,-,-,-,-
New_York,Richmond,-,-,-,-
New_York,Rockland,-,-,-,-
New_York,St.Lawrence,-,-,-,-
New_York,Saratoga,1,416429.21534489375,-,-
New_York,Schenectady,-,-,-,-
New_York,Schoharie,-,-,-,-
New_York,Schuyler,-,-,-,-
New_York,Seneca,-,-,-,-
New_York,Steuben,1,416429.21534489375,-,-
New_York,Suffolk,-,-,-,-
New_York,Sullivan,1,416429.21534489375,1,210475.23449470886
New_York,Tioga,-,-,-,-
New_York,Tompkins,-,-,-,-
New_York,Ulster,-,-,-,-
New_York,Warren,-,-,-,-
New_York,Washington,-,-,-,-
New_York,Wayne,1,416429.21534489375,-,-
New_York,Westchester,-,-,-,-
New_York,Wyoming,-,-,-,-
New_York,Yates,-,-,-,-
North_Carolina,NorthCarolina,10,2080613.5712773544,783,126466666.48705885
North_Carolina,Alamance,-,-,-,-
North_Carolina,Alexander,-,-,31,5006981.687227106
North_Carolina,Alleghany,-,-,-,-
North_Carolina,Anson,-,-,43,6945168.146798889
North_Carolina,Ashe,-,-,-,-
North_Carolina,Avery,-,-,-,-
North_Carolina,Beaufort,-,-,-,-
North_Carolina,Bertie,-,-,35,5653043.8404177
North_Carolina,Bladen,-,-,27,4360919.534036512
North_Carolina,Brunswick,-,-,-,-
North_Carolina,Buncombe,-,-,-,-
North_Carolina,Burke,-,-,5,807577.6914882428
North_Carolina,Cabarrus,-,-,1,161515.53829764857
North_Carolina,Caldwell,-,-,3,484546.6148929457
North_Carolina,Camden,-,-,-,-
North_Carolina,Carteret,-,-,-,-
North_Carolina,Caswell,-,-,-,-
North_Carolina,Catawba,-,-,3,484546.6148929457
North_Carolina,Chatham,-,-,14,2261217.53616708
North_Carolina,Cherokee,1,208061.35712773545,-,-
North_Carolina,Chowan,-,-,2,323031.07659529714
North_Carolina,Clay,-,-,-,-
North_Carolina,Cleveland,-,-,11,1776670.9212741342
North_Carolina,Columbus,-,-,6,969093.2297858914
North_Carolina,Craven,-,-,-,-
North_Carolina,Cumberland,-,-,3,484546.6148929457
North_Carolina,Currituck,-,-,-,-
North_Carolina,Dare,-,-,-,-
North_Carolina,Davidson,-,-,3,484546.6148929457
North_Carolina,Davie,-,-,-,-
North_Carolina,Duplin,1,208061.35712773545,92,14859429.523383668
North_Carolina,Durham,-,-,-,-
North_Carolina,Edgecombe,-,-,16,2584248.612762377
North_Carolina,Forsyth,-,-,-,-
North_Carolina,Franklin,-,-,-,-
North_Carolina,Gaston,-,-,-,-
North_Carolina,Gates,-,-,9,1453639.8446788373
North_Carolina,Graham,-,-,-,-
North_Carolina,Granville,-,-,-,-
North_Carolina,Greene,-,-,5,807577.6914882428
North_Carolina,Guilford,1,208061.35712773545,-,-
North_Carolina,Halifax,-,-,1,161515.53829764857
North_Carolina,Harnett,-,-,15,2422733.0744647286
North_Carolina,Haywood,-,-,-,-
North_Carolina,Henderson,-,-,-,-
North_Carolina,Hertford,-,-,3,484546.6148929457
North_Carolina,Hoke,-,-,12,1938186.4595717827
North_Carolina,Hyde,1,208061.35712773545,-,-
North_Carolina,Iredell,-,-,-,-
North_Carolina,Jackson,-,-,-,-
North_Carolina,Johnston,-,-,5,807577.6914882428
North_Carolina,Jones,-,-,10,1615155.3829764856
North_Carolina,Lee,-,-,4,646062.1531905943
North_Carolina,Lenoir,-,-,5,807577.6914882428
North_Carolina,Lincoln,-,-,8,1292124.3063811886
North_Carolina,McDowell,-,-,-,-
North_Carolina,Macon,-,-,-,-
North_Carolina,Madison,-,-,-,-
North_Carolina,Martin,-,-,-,-
North_Carolina,Mecklenburg,-,-,-,-
North_Carolina,Mitchell,-,-,-,-
North_Carolina,Montgomery,-,-,26,4199403.995738863
North_Carolina,Moore,-,-,24,3876372.9191435655
North_Carolina,Nash,-,-,2,323031.07659529714
North_Carolina,NewHanover,-,-,-,-
North_Carolina,Northampton,-,-,4,646062.1531905943
North_Carolina,Onslow,-,-,2,323031.07659529714
North_Carolina,Orange,-,-,-,-
North_Carolina,Pamlico,-,-,-,-
North_Carolina,Pasquotank,-,-,-,-
North_Carolina,Pender,-,-,6,969093.2297858914
North_Carolina,Perquimans,-,-,4,646062.1531905943
North_Carolina,Person,-,-,-,-
North_Carolina,Pitt,-,-,11,1776670.9212741342
North_Carolina,Polk,-,-,-,-
North_Carolina,Randolph,-,-,25,4037888.4574412145
North_Carolina,Richmond,-,-,35,5653043.8404177
North_Carolina,Robeson,-,-,36,5814559.378715349
North_Carolina,Rockingham,-,-,-,-
North_Carolina,Rowan,-,-,1,161515.53829764857
North_Carolina,Rutherford,-,-,8,1292124.3063811886
North_Carolina,Sampson,1,208061.35712773545,77,12436696.44891894
North_Carolina,Scotland,-,-,25,4037888.4574412145
North_Carolina,Stanly,-,-,2,323031.07659529714
North_Carolina,Stokes,-,-,1,161515.53829764857
North_Carolina,Surry,-,-,28,4522435.07233416
North_Carolina,Swain,-,-,-,-
North_Carolina,Transylvania,-,-,-,-
North_Carolina,Tyrrell,-,-,-,-
North_Carolina,Union,1,208061.35712773545,31,5006981.687227106
North_Carolina,Vance,-,-,-,-
North_Carolina,Wake,-,-,-,-
North_Carolina,Warren,-,-,-,-
North_Carolina,Washington,-,-,-,-
North_Carolina,Watauga,-,-,-,-
North_Carolina,Wayne,-,-,8,1292124.3063811886
North_Carolina,Wilkes,1,208061.35712773545,51,8237292.4531800775
North_Carolina,Wilson,-,-,2,323031.07659529714
North_Carolina,Yadkin,3,624184.0713832063,2,323031.07659529714
North_Carolina,Yancey,-,-,-,-
North_Dakota,NorthDakota,-,-,-,-
North_Dakota,Adams,-,-,-,-
North_Dakota,Barnes,-,-,-,-
North_Dakota,Benson,-,-,-,-
North_Dakota,Billings,-,-,-,-
North_Dakota,Bottineau,-,-,-,-
North_Dakota,Bowman,-,-,-,-
North_Dakota,Burke,-,-,-,-
North_Dakota,Burleigh,-,-,-,-
North_Dakota,Cass,-,-,-,-
North_Dakota,Cavalier,-,-,-,-
North_Dakota,Dickey,-,-,-,-
North_Dakota,Divide,-,-,-,-
North_Dakota,Dunn,-,-,-,-
North_Dakota,Eddy,-,-,-,-
North_Dakota,Emmons,-,-,-,-
North_Dakota,Foster,-,-,-,-
North_Dakota,GoldenValley,-,-,-,-
North_Dakota,GrandForks,-,-,-,-
North_Dakota,Grant,-,-,-,-
North_Dakota,Griggs,-,-,-,-
North_Dakota,Hettinger,-,-,-,-
North_Dakota,Kidder,-,-,-,-
North_Dakota,LaMoure,-,-,-,-
North_Dakota,Logan,-,-,-,-
North_Dakota,McHenry,-,-,-,-
North_Dakota,McIntosh,-,-,-,-
North_Dakota,McKenzie,-,-,-,-
North_Dakota,McLean,-,-,-,-
North_Dakota,Mercer,-,-,-,-
North_Dakota,Morton,-,-,-,-
North_Dakota,Mountrail,-,-,-,-
North_Dakota,Nelson,-,-,-,-
North_Dakota,Oliver,-,-,-,-
North_Dakota,Pembina,-,-,-,-
North_Dakota,Pierce,-,-,-,-
North_Dakota,Ramsey,-,-,-,-
North_Dakota,Ransom,-,-,-,-
North_Dakota,Renville,-,-,-,-
North_Dakota,Richland,-,-,-,-
North_Dakota,Rolette,-,-,-,-
North_Dakota,Sargent,-,-,-,-
North_Dakota,Sheridan,-,-,-,-
North_Dakota,Sioux,-,-,-,-
North_Dakota,Slope,-,-,-,-
North_Dakota,Stark,-,-,-,-
North_Dakota,Steele,-,-,-,-
North_Dakota,Stutsman,-,-,-,-
North_Dakota,Towner,-,-,-,-
North_Dakota,Traill,-,-,-,-
North_Dakota,Walsh,-,-,-,-
North_Dakota,Ward,-,-,-,-
North_Dakota,Wells,-,-,-,-
North_Dakota,Williams,-,-,-,-
Ohio,Ohio,45,21898537.30877027,102,14292998.380632514
Ohio,Adams,-,-,-,-
Ohio,Allen,1,486634.1624171171,-,-
Ohio,Ashland,-,-,6,840764.6106254419
Ohio,Ashtabula,-,-,-,-
Ohio,Athens,-,-,-,-
Ohio,Auglaize,1,486634.1624171171,-,-
Ohio,Belmont,-,-,-,-
Ohio,Brown,-,-,-,-
Ohio,Butler,-,-,-,-
Ohio,Carroll,-,-,2,280254.8702084807
Ohio,Champaign,-,-,-,-
Ohio,Clark,-,-,-,-
Ohio,Clermont,-,-,-,-
Ohio,Clinton,-,-,-,-
Ohio,Columbiana,-,-,9,1261146.915938163
Ohio,Coshocton,-,-,4,560509.7404169614
Ohio,Crawford,-,-,-,-
Ohio,Cuyahoga,-,-,-,-
Ohio,Darke,10,4866341.624171171,-,-
Ohio,Defiance,1,486634.1624171171,-,-
Ohio,Delaware,-,-,-,-
Ohio,Erie,-,-,-,-
Ohio,Fairfield,-,-,-,-
Ohio,Fayette,-,-,-,-
Ohio,Franklin,-,-,-,-
Ohio,Fulton,-,-,-,-
Ohio,Gallia,-,-,-,-
Ohio,Geauga,-,-,-,-
Ohio,Greene,-,-,-,-
Ohio,Guernsey,-,-,-,-
Ohio,Hamilton,-,-,-,-
Ohio,Hancock,-,-,-,-
Ohio,Hardin,2,973268.3248342342,-,-
Ohio,Harrison,-,-,3,420382.30531272094
Ohio,Henry,-,-,-,-
Ohio,Highland,-,-,-,-
Ohio,Hocking,-,-,-,-
Ohio,Holmes,3,1459902.4872513514,12,1681529.2212508838
Ohio,Huron,-,-,8,1121019.4808339227
Ohio,Jackson,-,-,-,-
Ohio,Jefferson,-,-,-,-
Ohio,Knox,-,-,10,1401274.3510424031
Ohio,Lake,-,-,-,-
Ohio,Lawrence,-,-,-,-
Ohio,Licking,2,973268.3248342342,-,-
Ohio,Logan,-,-,-,-
Ohio,Lorain,-,-,-,-
Ohio,Lucas,-,-,-,-
Ohio,Madison,-,-,-,-
Ohio,Mahoning,-,-,6,840764.6106254419
Ohio,Marion,-,-,-,-
Ohio,Medina,-,-,-,-
Ohio,Meigs,-,-,-,-
Ohio,Mercer,17,8272780.761090991,-,-
Ohio,Miami,-,-,-,-
Ohio,Monroe,-,-,-,-
Ohio,Montgomery,-,-,-,-
Ohio,Morgan,-,-,-,-
Ohio,Morrow,-,-,-,-
Ohio,Muskingum,-,-,8,1121019.4808339227
Ohio,Noble,-,-,-,-
Ohio,Ottawa,-,-,-,-
Ohio,Paulding,-,-,-,-
Ohio,Perry,-,-,-,-
Ohio,Pickaway,-,-,-,-
Ohio,Pike,-,-,-,-
Ohio,Portage,-,-,-,-
Ohio,Preble,-,-,-,-
Ohio,Putnam,1,486634.1624171171,-,-
Ohio,Richland,-,-,1,140127.43510424034
Ohio,Ross,-,-,-,-
Ohio,Sandusky,-,-,-,-
Ohio,Scioto,1,486634.1624171171,-,-
Ohio,Seneca,-,-,-,-
Ohio,Shelby,-,-,-,-
Ohio,Stark,-,-,2,280254.8702084807
Ohio,Summit,-,-,-,-
Ohio,Trumbull,-,-,1,140127.43510424034
Ohio,Tuscarawas,-,-,6,840764.6106254419
Ohio,Union,2,973268.3248342342,-,-
Ohio,VanWert,2,973268.3248342342,-,-
Ohio,Vinton,-,-,-,-
Ohio,Warren,-,-,-,-
Ohio,Washington,-,-,-,-
Ohio,Wayne,-,-,24,3363058.4425017675
Ohio,Williams,-,-,-,-
Ohio,Wood,1,486634.1624171171,-,-
Ohio,Wyandot,1,486634.1624171171,-,-
Oklahoma,Oklahoma,2,331818.1906698136,146,33799029.715214424
Oklahoma,Adair,-,-,16,3704003.256461855
Oklahoma,Alfalfa,-,-,-,-
Oklahoma,Atoka,-,-,-,-
Oklahoma,Beaver,-,-,-,-
Oklahoma,Beckham,-,-,-,-
Oklahoma,Blaine,-,-,-,-
Oklahoma,Bryan,-,-,-,-
Oklahoma,Caddo,-,-,-,-
Oklahoma,Canadian,-,-,-,-
Oklahoma,Carter,-,-,-,-
Oklahoma,Cherokee,-,-,4,926000.8141154638
Oklahoma,Choctaw,-,-,-,-
Oklahoma,Cimarron,-,-,-,-
Oklahoma,Cleveland,-,-,-,-
Oklahoma,Coal,-,-,-,-
Oklahoma,Comanche,-,-,-,-
Oklahoma,Cotton,-,-,-,-
Oklahoma,Craig,-,-,10,2315002.035288659
Oklahoma,Creek,-,-,-,-
Oklahoma,Custer,-,-,-,-
Oklahoma,Delaware,-,-,27,6250505.49527938
Oklahoma,Dewey,-,-,-,-
Oklahoma,Ellis,-,-,-,-
Oklahoma,Garfield,-,-,-,-
Oklahoma,Garvin,-,-,-,-
Oklahoma,Grady,-,-,-,-
Oklahoma,Grant,-,-,-,-
Oklahoma,Greer,-,-,-,-
Oklahoma,Harmon,-,-,-,-
Oklahoma,Harper,-,-,-,-
Oklahoma,Haskell,-,-,8,1852001.6282309275
Oklahoma,Hughes,-,-,-,-
Oklahoma,Jackson,-,-,-,-
Oklahoma,Jefferson,-,-,-,-
Oklahoma,Johnston,-,-,-,-
Oklahoma,Kay,-,-,-,-
Oklahoma,Kingfisher,-,-,-,-
Oklahoma,Kiowa,-,-,-,-
Oklahoma,Latimer,-,-,1,231500.20352886594
Oklahoma,LeFlore,1,165909.0953349068,28,6482005.698808245
Oklahoma,Lincoln,-,-,-,-
Oklahoma,Logan,-,-,-,-
Oklahoma,Love,-,-,-,-
Oklahoma,McClain,-,-,-,-
Oklahoma,McCurtain,-,-,31,7176506.309394844
Oklahoma,McIntosh,-,-,-,-
Oklahoma,Major,-,-,-,-
Oklahoma,Marshall,-,-,-,-
Oklahoma,Mayes,-,-,8,1852001.6282309275
Oklahoma,Murray,1,165909.0953349068,-,-
Oklahoma,Muskogee,-,-,-,-
Oklahoma,Noble,-,-,-,-
Oklahoma,Nowata,-,-,-,-
Oklahoma,Okfuskee,-,-,-,-
Oklahoma,Oklahoma,-,-,-,-
Oklahoma,Okmulgee,-,-,-,-
Oklahoma,Osage,-,-,-,-
Oklahoma,Ottawa,-,-,6,1389001.2211731954
Oklahoma,Pawnee,-,-,-,-
Oklahoma,Payne,-,-,-,-
Oklahoma,Pittsburg,-,-,-,-
Oklahoma,Pontotoc,-,-,-,-
Oklahoma,Pottawatomie,-,-,-,-
Oklahoma,Pushmataha,-,-,-,-
Oklahoma,RogerMills,-,-,-,-
Oklahoma,Rogers,-,-,7,1620501.4247020613
Oklahoma,Seminole,-,-,-,-
Oklahoma,Sequoyah,-,-,-,-
Oklahoma,Stephens,-,-,-,-
Oklahoma,Texas,-,-,-,-
Oklahoma,Tillman,-,-,-,-
Oklahoma,Tulsa,-,-,-,-
Oklahoma,Wagoner,-,-,-,-
Oklahoma,Washington,-,-,-,-
Oklahoma,Washita,-,-,-,-
Oklahoma,Woods,-,-,-,-
Oklahoma,Woodward,-,-,-,-
Oregon,Oregon,2,1938612.7247537964,14,2876675.999736376
Oregon,Baker,-,-,-,-
Oregon,Benton,-,-,-,-
Oregon,Clackamas,1,969306.3623768982,3,616430.5713720805
Oregon,Clatsop,-,-,-,-
Oregon,Columbia,-,-,-,-
Oregon,Coos,-,-,-,-
Oregon,Crook,-,-,-,-
Oregon,Curry,-,-,-,-
Oregon,Deschutes,-,-,-,-
Oregon,Douglas,-,-,-,-
Oregon,Gilliam,-,-,-,-
Oregon,Grant,-,-,-,-
Oregon,Harney,-,-,-,-
Oregon,HoodRiver,-,-,-,-
Oregon,Jackson,-,-,-,-
Oregon,Jefferson,-,-,-,-
Oregon,Josephine,-,-,-,-
Oregon,Klamath,-,-,-,-
Oregon,Lake,-,-,-,-
Oregon,Lane,-,-,-,-
Oregon,Lincoln,-,-,-,-
Oregon,Linn,-,-,3,616430.5713720805
Oregon,Malheur,-,-,-,-
Oregon,Marion,1,969306.3623768982,2,410953.71424805373
Oregon,Morrow,-,-,-,-
Oregon,Multnomah,-,-,-,-
Oregon,Polk,-,-,2,410953.71424805373
Oregon,Sherman,-,-,-,-
Oregon,Tillamook,-,-,-,-
Oregon,Umatilla,-,-,-,-
Oregon,Union,-,-,-,-
Oregon,Wallowa,-,-,-,-
Oregon,Wasco,-,-,-,-
Oregon,Washington,-,-,-,-
Oregon,Wheeler,-,-,-,-
Oregon,Yamhill,-,-,4,821907.4284961075
Pennsylvania,Pennsylvania,36,9460533.807421809,175,26603440.829991937
Pennsylvania,Adams,1,262792.6057617169,3,456058.98565700464
Pennsylvania,Allegheny,-,-,-,-
Pennsylvania,Armstrong,-,-,-,-
Pennsylvania,Beaver,-,-,-,-
Pennsylvania,Bedford,-,-,1,152019.66188566823
Pennsylvania,Berks,4,1051170.4230468676,33,5016648.842227051
Pennsylvania,Blair,-,-,-,-
Pennsylvania,Bradford,-,-,-,-
Pennsylvania,Bucks,-,-,-,-
Pennsylvania,Butler,-,-,-,-
Pennsylvania,Cambria,-,-,-,-
Pennsylvania,Cameron,-,-,-,-
Pennsylvania,Carbon,-,-,-,-
Pennsylvania,Centre,-,-,-,-
Pennsylvania,Chester,-,-,-,-
Pennsylvania,Clarion,-,-,-,-
Pennsylvania,Clearfield,-,-,-,-
Pennsylvania,Clinton,-,-,-,-
Pennsylvania,Columbia,1,262792.6057617169,1,152019.66188566823
Pennsylvania,Crawford,-,-,-,-
Pennsylvania,Cumberland,4,1051170.4230468676,-,-
Pennsylvania,Dauphin,2,525585.2115234338,5,760098.3094283411
Pennsylvania,Delaware,-,-,-,-
Pennsylvania,Elk,-,-,-,-
Pennsylvania,Erie,-,-,-,-
Pennsylvania,Fayette,-,-,-,-
Pennsylvania,Forest,-,-,-,-
Pennsylvania,Franklin,2,525585.2115234338,1,152019.66188566823
Pennsylvania,Fulton,-,-,-,-
Pennsylvania,Greene,-,-,-,-
Pennsylvania,Huntingdon,-,-,-,-
Pennsylvania,Indiana,-,-,-,-
Pennsylvania,Jefferson,-,-,-,-
Pennsylvania,Juniata,1,262792.6057617169,5,760098.3094283411
Pennsylvania,Lackawanna,-,-,-,-
Pennsylvania,Lancaster,13,3416303.87490232,34,5168668.50411272
Pennsylvania,Lawrence,-,-,-,-
Pennsylvania,Lebanon,3,788377.8172851508,35,5320688.165998387
Pennsylvania,Lehigh,-,-,-,-
Pennsylvania,Luzerne,-,-,-,-
Pennsylvania,Lycoming,-,-,-,-
Pennsylvania,McKean,-,-,-,-
Pennsylvania,Mercer,-,-,-,-
Pennsylvania,Mifflin,-,-,-,-
Pennsylvania,Monroe,-,-,-,-
Pennsylvania,Montgomery,-,-,-,-
Pennsylvania,Montour,-,-,3,456058.98565700464
Pennsylvania,Northampton,-,-,-,-
Pennsylvania,Northumberland,1,262792.6057617169,6,912117.9713140093
Pennsylvania,Perry,-,-,3,456058.98565700464
Pennsylvania,Philadelphia,-,-,-,-
Pennsylvania,Pike,-,-,-,-
Pennsylvania,Potter,-,-,-,-
Pennsylvania,Schuylkill,3,788377.8172851508,15,2280294.928285023
Pennsylvania,Snyder,1,262792.6057617169,10,1520196.6188566822
Pennsylvania,Somerset,-,-,-,-
Pennsylvania,Sullivan,-,-,-,-
Pennsylvania,Susquehanna,-,-,-,-
Pennsylvania,Tioga,-,-,-,-
Pennsylvania,Union,-,-,8,1216157.2950853459
Pennsylvania,Venango,-,-,-,-
Pennsylvania,Warren,-,-,-,-
Pennsylvania,Washington,-,-,-,-
Pennsylvania,Wayne,-,-,-,-
Pennsylvania,Westmoreland,-,-,-,-
Pennsylvania,Wyoming,-,-,1,152019.66188566823
Pennsylvania,York,-,-,11,1672216.2807423505
Rhode_Island,RhodeIsland,-,-,-,-
Rhode_Island,Bristol,-,-,-,-
Rhode_Island,Kent,-,-,-,-
Rhode_Island,Newport,-,-,-,-
Rhode_Island,Providence,-,-,-,-
Rhode_Island,Washington,-,-,-,-
South_Carolina,SouthCarolina,7,2838535.4999011094,211,32867754.246870518
South_Carolina,Abbeville,-,-,-,-
South_Carolina,Aiken,-,-,11,1713484.8185572308
South_Carolina,Allendale,-,-,-,-
South_Carolina,Anderson,-,-,10,1557713.4714156643
South_Carolina,Bamberg,-,-,3,467314.04142469924
South_Carolina,Barnwell,-,-,1,155771.34714156642
South_Carolina,Beaufort,-,-,-,-
South_Carolina,Berkeley,-,-,-,-
South_Carolina,Calhoun,-,-,1,155771.34714156642
South_Carolina,Charleston,-,-,-,-
South_Carolina,Cherokee,-,-,1,155771.34714156642
South_Carolina,Chester,-,-,-,-
South_Carolina,Chesterfield,-,-,2,311542.69428313285
South_Carolina,Clarendon,-,-,12,1869256.165698797
South_Carolina,Colleton,-,-,-,-
South_Carolina,Darlington,1,405505.0714144442,3,467314.04142469924
South_Carolina,Dillon,-,-,10,1557713.4714156643
South_Carolina,Dorchester,-,-,2,311542.69428313285
South_Carolina,Edgefield,-,-,2,311542.69428313285
South_Carolina,Fairfield,-,-,-,-
South_Carolina,Florence,-,-,-,-
South_Carolina,Georgetown,-,-,-,-
South_Carolina,Greenville,-,-,-,-
South_Carolina,Greenwood,-,-,-,-
South_Carolina,Hampton,-,-,-,-
South_Carolina,Horry,-,-,1,155771.34714156642
South_Carolina,Jasper,-,-,-,-
South_Carolina,Kershaw,3,1216515.2142433326,-,-
South_Carolina,Lancaster,-,-,3,467314.04142469924
South_Carolina,Laurens,-,-,5,778856.7357078322
South_Carolina,Lee,-,-,5,778856.7357078322
South_Carolina,Lexington,1,405505.0714144442,31,4828911.76138856
South_Carolina,McCormick,-,-,-,-
South_Carolina,Marion,-,-,-,-
South_Carolina,Marlboro,-,-,6,934628.0828493985
South_Carolina,Newberry,1,405505.0714144442,18,2803884.2485481957
South_Carolina,Oconee,-,-,28,4361597.71996386
South_Carolina,Orangeburg,-,-,26,4050055.0256807273
South_Carolina,Pickens,-,-,-,-
South_Carolina,Richland,-,-,-,-
South_Carolina,Saluda,1,405505.0714144442,27,4205826.372822293
South_Carolina,Spartanburg,-,-,-,-
South_Carolina,Sumter,-,-,1,155771.34714156642
South_Carolina,Union,-,-,2,311542.69428313285
South_Carolina,Williamsburg,-,-,-,-
South_Carolina,York,-,-,-,-
South_Dakota,SouthDakota,2,738157.6913814978,-,-
South_Dakota,Aurora,1,369078.8456907489,-,-
South_Dakota,Beadle,-,-,-,-
South_Dakota,Bennett,-,-,-,-
South_Dakota,BonHomme,-,-,-,-
South_Dakota,Brookings,-,-,-,-
South_Dakota,Brown,-,-,-,-
South_Dakota,Brule,-,-,-,-
South_Dakota,Buffalo,-,-,-,-
South_Dakota,Butte,-,-,-,-
South_Dakota,Campbell,-,-,-,-
South_Dakota,CharlesMix,-,-,-,-
South_Dakota,Clark,-,-,-,-
South_Dakota,Clay,-,-,-,-
South_Dakota,Codington,-,-,-,-
South_Dakota,Corson,-,-,-,-
South_Dakota,Custer,-,-,-,-
South_Dakota,Davison,-,-,-,-
South_Dakota,Day,-,-,-,-
South_Dakota,Deuel,-,-,-,-
South_Dakota,Dewey,-,-,-,-
South_Dakota,Douglas,1,369078.8456907489,-,-
South_Dakota,Edmunds,-,-,-,-
South_Dakota,FallRiver,-,-,-,-
South_Dakota,Faulk,-,-,-,-
South_Dakota,Grant,-,-,-,-
South_Dakota,Gregory,-,-,-,-
South_Dakota,Haakon,-,-,-,-
South_Dakota,Hamlin,-,-,-,-
South_Dakota,Hand,-,-,-,-
South_Dakota,Hanson,-,-,-,-
South_Dakota,Harding,-,-,-,-
South_Dakota,Hughes,-,-,-,-
South_Dakota,Hutchinson,-,-,-,-
South_Dakota,Hyde,-,-,-,-
South_Dakota,Jackson,-,-,-,-
South_Dakota,Jerauld,-,-,-,-
South_Dakota,Jones,-,-,-,-
South_Dakota,Kingsbury,-,-,-,-
South_Dakota,Lake,-,-,-,-
South_Dakota,Lawrence,-,-,-,-
South_Dakota,Lincoln,-,-,-,-
South_Dakota,Lyman,-,-,-,-
South_Dakota,McCook,-,-,-,-
South_Dakota,McPherson,-,-,-,-
South_Dakota,Marshall,-,-,-,-
South_Dakota,Meade,-,-,-,-
South_Dakota,Mellette,-,-,-,-
South_Dakota,Miner,-,-,-,-
South_Dakota,Minnehaha,-,-,-,-
South_Dakota,Moody,-,-,-,-
South_Dakota,OglalaLakota,-,-,-,-
South_Dakota,Pennington,-,-,-,-
South_Dakota,Perkins,-,-,-,-
South_Dakota,Potter,-,-,-,-
South_Dakota,Roberts,-,-,-,-
South_Dakota,Sanborn,-,-,-,-
South_Dakota,Spink,-,-,-,-
South_Dakota,Stanley,-,-,-,-
South_Dakota,Sully,-,-,-,-
South_Dakota,Todd,-,-,-,-
South_Dakota,Tripp,-,-,-,-
South_Dakota,Turner,-,-,-,-
South_Dakota,Union,-,-,-,-
South_Dakota,Walworth,-,-,-,-
South_Dakota,Yankton,-,-,-,-
South_Dakota,Ziebach,-,-,-,-
Tennessee,Tennessee,-,-,129,27860674.90299137
Tennessee,Anderson,-,-,-,-
Tennessee,Bedford,-,-,10,2159742.2405419666
Tennessee,Benton,-,-,-,-
Tennessee,Bledsoe,-,-,-,-
Tennessee,Blount,-,-,-,-
Tennessee,Bradley,-,-,23,4967407.153246524
Tennessee,Campbell,-,-,-,-
Tennessee,Cannon,-,-,-,-
Tennessee,Carroll,-,-,2,431948.44810839335
Tennessee,Carter,-,-,-,-
Tennessee,Cheatham,-,-,-,-
Tennessee,Chester,-,-,-,-
Tennessee,Claiborne,-,-,-,-
Tennessee,Clay,-,-,4,863896.8962167867
Tennessee,Cocke,-,-,6,1295845.34432518
Tennessee,Coffee,-,-,1,215974.22405419667
Tennessee,Crockett,-,-,-,-
Tennessee,Cumberland,-,-,-,-
Tennessee,Davidson,-,-,-,-
Tennessee,Decatur,-,-,-,-
Tennessee,DeKalb,-,-,-,-
Tennessee,Dickson,-,-,-,-
Tennessee,Dyer,-,-,-,-
Tennessee,Fayette,-,-,-,-
Tennessee,Fentress,-,-,4,863896.8962167867
Tennessee,Franklin,-,-,2,431948.44810839335
Tennessee,Gibson,-,-,1,215974.22405419667
Tennessee,Giles,-,-,1,215974.22405419667
Tennessee,Grainger,-,-,-,-
Tennessee,Greene,-,-,4,863896.8962167867
Tennessee,Grundy,-,-,3,647922.67216259
Tennessee,Hamblen,-,-,1,215974.22405419667
Tennessee,Hamilton,-,-,4,863896.8962167867
Tennessee,Hancock,-,-,-,-
Tennessee,Hardeman,-,-,-,-
Tennessee,Hardin,-,-,-,-
Tennessee,Hawkins,-,-,3,647922.67216259
Tennessee,Haywood,-,-,-,-
Tennessee,Henderson,-,-,-,-
Tennessee,Henry,-,-,4,863896.8962167867
Tennessee,Hickman,-,-,-,-
Tennessee,Houston,-,-,-,-
Tennessee,Humphreys,-,-,-,-
Tennessee,Jackson,-,-,1,215974.22405419667
Tennessee,Jefferson,-,-,-,-
Tennessee,Johnson,-,-,-,-
Tennessee,Knox,-,-,-,-
Tennessee,Lake,-,-,-,-
Tennessee,Lauderdale,-,-,-,-
Tennessee,Lawrence,-,-,-,-
Tennessee,Lewis,-,-,-,-
Tennessee,Lincoln,-,-,6,1295845.34432518
Tennessee,Loudon,-,-,-,-
Tennessee,McMinn,-,-,7,1511819.5683793768
Tennessee,McNairy,-,-,-,-
Tennessee,Macon,-,-,2,431948.44810839335
Tennessee,Madison,-,-,-,-
Tennessee,Marion,-,-,2,431948.44810839335
Tennessee,Marshall,-,-,4,863896.8962167867
Tennessee,Maury,-,-,-,-
Tennessee,Meigs,-,-,-,-
Tennessee,Monroe,-,-,-,-
Tennessee,Montgomery,-,-,-,-
Tennessee,Moore,-,-,-,-
Tennessee,Morgan,-,-,1,215974.22405419667
Tennessee,Obion,-,-,7,1511819.5683793768
Tennessee,Overton,-,-,-,-
Tennessee,Perry,-,-,-,-
Tennessee,Pickett,-,-,1,215974.22405419667
Tennessee,Polk,-,-,9,1943768.0164877702
Tennessee,Putnam,-,-,-,-
Tennessee,Rhea,-,-,-,-
Tennessee,Roane,-,-,-,-
Tennessee,Robertson,-,-,-,-
Tennessee,Rutherford,-,-,-,-
Tennessee,Scott,-,-,-,-
Tennessee,Sequatchie,-,-,-,-
Tennessee,Sevier,-,-,-,-
Tennessee,Shelby,-,-,-,-
Tennessee,Smith,-,-,1,215974.22405419667
Tennessee,Stewart,-,-,-,-
Tennessee,Sullivan,-,-,-,-
Tennessee,Sumner,-,-,-,-
Tennessee,Tipton,-,-,-,-
Tennessee,Trousdale,-,-,-,-
Tennessee,Unicoi,-,-,-,-
Tennessee,Union,-,-,-,-
Tennessee,VanBuren,-,-,-,-
Tennessee,Warren,-,-,1,215974.22405419667
Tennessee,Washington,-,-,-,-
Tennessee,Wayne,-,-,-,-
Tennessee,Weakley,-,-,14,3023639.1367587536
Tennessee,White,-,-,-,-
Tennessee,Williamson,-,-,-,-
Tennessee,Wilson,-,-,-,-
Texas,Texas,21,10587912.281886991,524,100627461.10899669
Texas,Anderson,-,-,16,3072594.232335777
Texas,Andrews,-,-,-,-
Texas,Angelina,-,-,10,1920371.3952098605
Texas,Aransas,-,-,-,-
Texas,Archer,-,-,-,-
Texas,Armstrong,-,-,-,-
Texas,Atascosa,-,-,-,-
Texas,Austin,-,-,-,-
Texas,Bailey,-,-,-,-
Texas,Bandera,-,-,-,-
Texas,Bastrop,-,-,-,-
Texas,Baylor,-,-,-,-
Texas,Bee,-,-,-,-
Texas,Bell,-,-,-,-
Texas,Bexar,-,-,-,-
Texas,Blanco,-,-,-,-
Texas,Borden,-,-,-,-
Texas,Bosque,-,-,1,192037.13952098606
Texas,Bowie,-,-,3,576111.4185629581
Texas,Brazoria,-,-,-,-
Texas,Brazos,1,504186.2991374757,1,192037.13952098606
Texas,Brewster,-,-,-,-
Texas,Briscoe,-,-,-,-
Texas,Brooks,-,-,-,-
Texas,Brown,-,-,-,-
Texas,Burleson,-,-,4,768148.5580839443
Texas,Burnet,-,-,-,-
Texas,Caldwell,1,504186.2991374757,1,192037.13952098606
Texas,Calhoun,-,-,-,-
Texas,Callahan,-,-,-,-
Texas,Cameron,-,-,-,-
Texas,Camp,1,504186.2991374757,4,768148.5580839443
Texas,Carson,-,-,-,-
Texas,Cass,-,-,12,2304445.6742518325
Texas,Castro,-,-,-,-
Texas,Chambers,-,-,-,-
Texas,Cherokee,-,-,6,1152222.8371259163
Texas,Childress,-,-,-,-
Texas,Clay,-,-,-,-
Texas,Cochran,-,-,-,-
Texas,Coke,-,-,-,-
Texas,Coleman,-,-,-,-
Texas,Collin,-,-,-,-
Texas,Collingsworth,-,-,-,-
Texas,Colorado,-,-,-,-
Texas,Comal,-,-,-,-
Texas,Comanche,-,-,-,-
Texas,Concho,-,-,-,-
Texas,Cooke,-,-,-,-
Texas,Coryell,-,-,-,-
Texas,Cottle,-,-,-,-
Texas,Crane,-,-,-,-
Texas,Crockett,-,-,-,-
Texas,Crosby,-,-,-,-
Texas,Culberson,-,-,-,-
Texas,Dallam,-,-,-,-
Texas,Dallas,-,-,-,-
Texas,Dawson,-,-,-,-
Texas,DeafSmith,-,-,-,-
Texas,Delta,-,-,-,-
Texas,Denton,1,504186.2991374757,-,-
Texas,DeWitt,-,-,-,-
Texas,Dickens,-,-,-,-
Texas,Dimmit,-,-,-,-
Texas,Donley,-,-,-,-
Texas,Duval,-,-,-,-
Texas,Eastland,-,-,-,-
Texas,Ector,-,-,-,-
Texas,Edwards,-,-,-,-
Texas,Ellis,-,-,-,-
Texas,ElPaso,-,-,-,-
Texas,Erath,-,-,-,-
Texas,Falls,-,-,-,-
Texas,Fannin,-,-,-,-
Texas,Fayette,-,-,-,-
Texas,Fisher,-,-,-,-
Texas,Floyd,-,-,-,-
Texas,Foard,-,-,-,-
Texas,FortBend,-,-,-,-
Texas,Franklin,-,-,23,4416854.208982679
Texas,Freestone,-,-,10,1920371.3952098605
Texas,Frio,-,-,-,-
Texas,Gaines,-,-,-,-
Texas,Galveston,-,-,-,-
Texas,Garza,-,-,-,-
Texas,Gillespie,-,-,-,-
Texas,Glasscock,-,-,-,-
Texas,Goliad,-,-,-,-
Texas,Gonzales,9,4537676.692237282,56,10754079.813175218
Texas,Gray,-,-,-,-
Texas,Grayson,-,-,-,-
Texas,Gregg,-,-,-,-
Texas,Grimes,-,-,1,192037.13952098606
Texas,Guadalupe,1,504186.2991374757,4,768148.5580839443
Texas,Hale,-,-,-,-
Texas,Hall,-,-,-,-
Texas,Hamilton,-,-,-,-
Texas,Hansford,-,-,-,-
Texas,Hardeman,-,-,-,-
Texas,Hardin,-,-,-,-
Texas,Harris,-,-,-,-
Texas,Harrison,-,-,-,-
Texas,Hartley,-,-,-,-
Texas,Haskell,-,-,-,-
Texas,Hays,-,-,-,-
Texas,Hemphill,-,-,-,-
Texas,Henderson,-,-,-,-
Texas,Hidalgo,-,-,-,-
Texas,Hill,-,-,-,-
Texas,Hockley,-,-,-,-
Texas,Hood,-,-,-,-
Texas,Hopkins,-,-,23,4416854.208982679
Texas,Houston,-,-,3,576111.4185629581
Texas,Howard,-,-,-,-
Texas,Hudspeth,-,-,-,-
Texas,Hunt,-,-,-,-
Texas,Hutchinson,-,-,-,-
Texas,Irion,-,-,-,-
Texas,Jack,-,-,-,-
Texas,Jackson,-,-,-,-
Texas,Jasper,-,-,-,-
Texas,JeffDavis,-,-,-,-
Texas,Jefferson,-,-,-,-
Texas,JimHogg,-,-,-,-
Texas,JimWells,-,-,-,-
Texas,Johnson,-,-,-,-
Texas,Jones,-,-,-,-
Texas,Karnes,-,-,-,-
Texas,Kaufman,-,-,-,-
Texas,Kendall,-,-,-,-
Texas,Kenedy,-,-,-,-
Texas,Kent,-,-,-,-
Texas,Kerr,-,-,-,-
Texas,Kimble,-,-,-,-
Texas,King,-,-,-,-
Texas,Kinney,-,-,-,-
Texas,Kleberg,-,-,-,-
Texas,Knox,-,-,-,-
Texas,Lamar,-,-,-,-
Texas,Lamb,-,-,-,-
Texas,Lampasas,-,-,-,-
Texas,LaSalle,-,-,-,-
Texas,Lavaca,-,-,-,-
Texas,Lee,-,-,-,-
Texas,Leon,-,-,26,4992965.627545638
Texas,Liberty,-,-,-,-
Texas,Limestone,-,-,6,1152222.8371259163
Texas,Lipscomb,-,-,-,-
Texas,LiveOak,-,-,-,-
Texas,Llano,-,-,-,-
Texas,Loving,-,-,-,-
Texas,Lubbock,1,504186.2991374757,-,-
Texas,Lynn,-,-,-,-
Texas,McCulloch,-,-,-,-
Texas,McLennan,-,-,-,-
Texas,McMullen,-,-,-,-
Texas,Madison,-,-,8,1536297.1161678885
Texas,Marion,-,-,-,-
Texas,Martin,-,-,-,-
Texas,Mason,-,-,-,-
Texas,Matagorda,-,-,-,-
Texas,Maverick,-,-,-,-
Texas,Medina,-,-,-,-
Texas,Menard,-,-,-,-
Texas,Midland,-,-,1,192037.13952098606
Texas,Milam,1,504186.2991374757,5,960185.6976049303
Texas,Mills,-,-,-,-
Texas,Mitchell,-,-,-,-
Texas,Montague,-,-,-,-
Texas,Montgomery,-,-,-,-
Texas,Moore,-,-,-,-
Texas,Morris,-,-,9,1728334.2556888745
Texas,Motley,-,-,-,-
Texas,Nacogdoches,-,-,94,18051491.11497269
Texas,Navarro,-,-,-,-
Texas,Newton,-,-,-,-
Texas,Nolan,-,-,-,-
Texas,Nueces,-,-,-,-
Texas,Ochiltree,-,-,-,-
Texas,Oldham,-,-,-,-
Texas,Orange,-,-,-,-
Texas,PaloPinto,-,-,-,-
Texas,Panola,-,-,7,1344259.9766469023
Texas,Parker,-,-,-,-
Texas,Parmer,1,504186.2991374757,-,-
Texas,Pecos,-,-,-,-
Texas,Polk,-,-,-,-
Texas,Potter,-,-,-,-
Texas,Presidio,-,-,-,-
Texas,Rains,-,-,-,-
Texas,Randall,-,-,-,-
Texas,Reagan,-,-,-,-
Texas,Real,-,-,-,-
Texas,RedRiver,1,504186.2991374757,1,192037.13952098606
Texas,Reeves,-,-,-,-
Texas,Refugio,-,-,-,-
Texas,Roberts,-,-,-,-
Texas,Robertson,-,-,14,2688519.9532938045
Texas,Rockwall,-,-,-,-
Texas,Runnels,-,-,-,-
Texas,Rusk,-,-,8,1536297.1161678885
Texas,Sabine,-,-,2,384074.2790419721
Texas,SanAugustine,-,-,19,3648705.650898735
Texas,SanJacinto,-,-,-,-
Texas,SanPatricio,-,-,-,-
Texas,SanSaba,-,-,-,-
Texas,Schleicher,-,-,-,-
Texas,Scurry,-,-,-,-
Texas,Shackelford,-,-,-,-
Texas,Shelby,2,1008372.5982749515,74,14210748.324552968
Texas,Sherman,-,-,-,-
Texas,Smith,-,-,1,192037.13952098606
Texas,Somervell,-,-,-,-
Texas,Starr,-,-,-,-
Texas,Stephens,-,-,-,-
Texas,Sterling,-,-,-,-
Texas,Stonewall,-,-,-,-
Texas,Sutton,-,-,-,-
Texas,Swisher,-,-,-,-
Texas,Tarrant,-,-,-,-
Texas,Taylor,-,-,-,-
Texas,Terrell,-,-,-,-
Texas,Terry,-,-,-,-
Texas,Throckmorton,-,-,-,-
Texas,Titus,-,-,41,7873522.720360427
Texas,TomGreen,-,-,-,-
Texas,Travis,-,-,-,-
Texas,Trinity,-,-,-,-
Texas,Tyler,-,-,-,-
Texas,Upshur,-,-,9,1728334.2556888745
Texas,Upton,-,-,-,-
Texas,Uvalde,-,-,-,-
Texas,ValVerde,-,-,-,-
Texas,VanZandt,-,-,-,-
Texas,Victoria,-,-,-,-
Texas,Walker,-,-,-,-
Texas,Waller,-,-,-,-
Texas,Ward,-,-,-,-
Texas,Washington,1,504186.2991374757,-,-
Texas,Webb,-,-,-,-
Texas,Wharton,-,-,-,-
Texas,Wheeler,-,-,-,-
Texas,Wichita,-,-,-,-
Texas,Wilbarger,-,-,-,-
Texas,Willacy,-,-,-,-
Texas,Williamson,-,-,-,-
Texas,Wilson,-,-,-,-
Texas,Winkler,-,-,-,-
Texas,Wise,-,-,-,-
Texas,Wood,-,-,21,4032779.929940707
Texas,Yoakum,-,-,-,-
Texas,Young,-,-,-,-
Texas,Zapata,-,-,-,-
Texas,Zavala,-,-,-,-
Utah,Utah,5,5920682.8424295215,-,-
Utah,Beaver,-,-,-,-
Utah,BoxElder,-,-,-,-
Utah,Cache,1,1184136.5684859043,-,-
Utah,Carbon,-,-,-,-
Utah,Daggett,-,-,-,-
Utah,Davis,-,-,-,-
Utah,Duchesne,-,-,-,-
Utah,Emery,-,-,-,-
Utah,Garfield,-,-,-,-
Utah,Grand,-,-,-,-
Utah,Iron,-,-,-,-
Utah,Juab,-,-,-,-
Utah,Kane,-,-,-,-
Utah,Millard,1,1184136.5684859043,-,-
Utah,Morgan,-,-,-,-
Utah,Piute,-,-,-,-
Utah,Rich,-,-,-,-
Utah,SaltLake,-,-,-,-
Utah,SanJuan,-,-,-,-
Utah,Sanpete,-,-,-,-
Utah,Sevier,-,-,-,-
Utah,Summit,-,-,-,-
Utah,Tooele,1,1184136.5684859043,-,-
Utah,Uintah,-,-,-,-
Utah,Utah,2,2368273.1369718085,-,-
Utah,Wasatch,-,-,-,-
Utah,Washington,-,-,-,-
Utah,Wayne,-,-,-,-
Utah,Weber,-,-,-,-
Vermont,Vermont,-,-,-,-
Vermont,Addison,-,-,-,-
Vermont,Bennington,-,-,-,-
Vermont,Caledonia,-,-,-,-
Vermont,Chittenden,-,-,-,-
Vermont,Essex,-,-,-,-
Vermont,Franklin,-,-,-,-
Vermont,GrandIsle,-,-,-,-
Vermont,Lamoille,-,-,-,-
Vermont,Orange,-,-,-,-
Vermont,Orleans,-,-,-,-
Vermont,Rutland,-,-,-,-
Vermont,Washington,-,-,-,-
Vermont,Windham,-,-,-,-
Vermont,Windsor,-,-,-,-
Virginia,Virginia,1,229876.68997082303,228,35795173.27161201
Virginia,Accomack,-,-,37,5808865.837937037
Virginia,Albemarle,-,-,-,-
Virginia,Alleghany,-,-,-,-
Virginia,Amelia,-,-,6,941978.2439897897
Virginia,Amherst,-,-,-,-
Virginia,Appomattox,-,-,-,-
Virginia,Arlington,-,-,-,-
Virginia,Augusta,-,-,30,4709891.219948948
Virginia,Bath,-,-,-,-
Virginia,Bedford,-,-,-,-
Virginia,Bland,-,-,-,-
Virginia,Botetourt,-,-,-,-
Virginia,Brunswick,-,-,-,-
Virginia,Buchanan,-,-,-,-
Virginia,Buckingham,-,-,4,627985.4959931932
Virginia,Campbell,-,-,-,-
Virginia,Caroline,-,-,-,-
Virginia,Carroll,-,-,-,-
Virginia,CharlesCity,-,-,-,-
Virginia,Charlotte,-,-,1,156996.3739982983
Virginia,Chesterfield,-,-,-,-
Virginia,Clarke,-,-,-,-
Virginia,Craig,-,-,-,-
Virginia,Culpeper,-,-,-,-
Virginia,Cumberland,-,-,7,1098974.6179880882
Virginia,Dickenson,-,-,-,-
Virginia,Dinwiddie,-,-,-,-
Virginia,Essex,-,-,-,-
Virginia,Fairfax,-,-,-,-
Virginia,Fauquier,-,-,-,-
Virginia,Floyd,-,-,-,-
Virginia,Fluvanna,-,-,-,-
Virginia,Franklin,-,-,-,-
Virginia,Frederick,-,-,-,-
Virginia,Giles,-,-,-,-
Virginia,Gloucester,-,-,-,-
Virginia,Goochland,-,-,-,-
Virginia,Grayson,-,-,-,-
Virginia,Greene,-,-,-,-
Virginia,Greensville,-,-,-,-
Virginia,Halifax,-,-,-,-
Virginia,Hanover,-,-,-,-
Virginia,Henrico,-,-,-,-
Virginia,Henry,-,-,-,-
Virginia,Highland,-,-,2,313992.7479965966
Virginia,IsleofWight,-,-,-,-
Virginia,JamesCity,-,-,-,-
Virginia,KingandQueen,-,-,-,-
Virginia,KingGeorge,-,-,-,-
Virginia,KingWilliam,-,-,-,-
Virginia,Lancaster,-,-,-,-
Virginia,Lee,-,-,-,-
Virginia,Loudoun,-,-,-,-
Virginia,Louisa,-,-,-,-
Virginia,Lunenburg,-,-,-,-
Virginia,Madison,-,-,-,-
Virginia,Mathews,-,-,-,-
Virginia,Mecklenburg,-,-,-,-
Virginia,Middlesex,-,-,-,-
Virginia,Montgomery,-,-,-,-
Virginia,Nelson,-,-,-,-
Virginia,NewKent,-,-,-,-
Virginia,Northampton,-,-,-,-
Virginia,Northumberland,-,-,-,-
Virginia,Nottoway,-,-,8,1255970.9919863865
Virginia,Orange,-,-,-,-
Virginia,Page,-,-,13,2040952.861977878
Virginia,Patrick,-,-,-,-
Virginia,Pittsylvania,-,-,-,-
Virginia,Powhatan,-,-,-,-
Virginia,PrinceEdward,-,-,2,313992.7479965966
Virginia,PrinceGeorge,-,-,-,-
Virginia,PrinceWilliam,-,-,-,-
Virginia,Pulaski,-,-,-,-
Virginia,Rappahannock,-,-,-,-
Virginia,Richmond,-,-,-,-
Virginia,Roanoke,-,-,-,-
Virginia,Rockbridge,-,-,-,-
Virginia,Rockingham,-,-,89,13972677.285848549
Virginia,Russell,-,-,-,-
Virginia,Scott,-,-,-,-
Virginia,Shenandoah,-,-,23,3610916.6019608607
Virginia,Smyth,-,-,-,-
Virginia,Southampton,-,-,6,941978.2439897897
Virginia,Spotsylvania,-,-,-,-
Virginia,Stafford,-,-,-,-
Virginia,Surry,-,-,-,-
Virginia,Sussex,-,-,-,-
Virginia,Tazewell,-,-,-,-
Virginia,Warren,-,-,-,-
Virginia,Washington,1,229876.68997082303,-,-
Virginia,Westmoreland,-,-,-,-
Virginia,Wise,-,-,-,-
Virginia,Wythe,-,-,-,-
Virginia,York,-,-,-,-
Virginia,ChesapeakeCity,-,-,-,-
Virginia,Suffolk,-,-,-,-
Virginia,VirginiaBeachCity,-,-,-,-
Washington,Washington,9,4522695.7755572405,18,3777955.85964509
Washington,Adams,1,502521.7528396934,-,-
Washington,Asotin,-,-,-,-
Washington,Benton,-,-,-,-
Washington,Chelan,-,-,-,-
Washington,Clallam,-,-,-,-
Washington,Clark,-,-,-,-
Washington,Columbia,-,-,-,-
Washington,Cowlitz,-,-,-,-
Washington,Douglas,-,-,-,-
Washington,Ferry,-,-,-,-
Washington,Franklin,1,502521.7528396934,-,-
Washington,Garfield,-,-,-,-
Washington,Grant,1,502521.7528396934,-,-
Washington,GraysHarbor,-,-,-,-
Washington,Island,-,-,-,-
Washington,Jefferson,-,-,-,-
Washington,King,-,-,-,-
Washington,Kitsap,-,-,-,-
Washington,Kittitas,-,-,-,-
Washington,Klickitat,-,-,-,-
Washington,Lewis,-,-,13,2728523.676410343
Washington,Lincoln,-,-,-,-
Washington,Mason,-,-,-,-
Washington,Okanogan,-,-,-,-
Washington,Pacific,-,-,-,-
Washington,PendOreille,-,-,-,-
Washington,Pierce,1,502521.7528396934,-,-
Washington,SanJuan,-,-,-,-
Washington,Skagit,-,-,1,209886.43664694944
Washington,Skamania,-,-,-,-
Washington,Snohomish,1,502521.7528396934,1,209886.43664694944
Washington,Spokane,-,-,-,-
Washington,Stevens,-,-,-,-
Washington,Thurston,3,1507565.2585190802,2,419772.8732938989
Washington,Wahkiakum,-,-,-,-
Washington,WallaWalla,-,-,-,-
Washington,Whatcom,-,-,1,209886.43664694944
Washington,Whitman,-,-,-,-
Washington,Yakima,1,502521.7528396934,-,-
West_Virginia,WestVirginia,-,-,66,10117069.20849507
West_Virginia,Barbour,-,-,-,-
West_Virginia,Berkeley,-,-,-,-
West_Virginia,Boone,-,-,-,-
West_Virginia,Braxton,-,-,-,-
West_Virginia,Brooke,-,-,-,-
West_Virginia,Cabell,-,-,-,-
West_Virginia,Calhoun,-,-,-,-
West_Virginia,Clay,-,-,-,-
West_Virginia,Doddridge,-,-,-,-
West_Virginia,Fayette,-,-,-,-
West_Virginia,Gilmer,-,-,-,-
West_Virginia,Grant,-,-,10,1532889.2740144043
West_Virginia,Greenbrier,-,-,-,-
West_Virginia,Hampshire,-,-,10,1532889.2740144043
West_Virginia,Hancock,-,-,-,-
West_Virginia,Hardy,-,-,32,4905245.676846094
West_Virginia,Harrison,-,-,-,-
West_Virginia,Jackson,-,-,-,-
West_Virginia,Jefferson,-,-,-,-
West_Virginia,Kanawha,-,-,-,-
West_Virginia,Lewis,-,-,-,-
West_Virginia,Lincoln,-,-,-,-
West_Virginia,Logan,-,-,-,-
West_Virginia,McDowell,-,-,-,-
West_Virginia,Marion,-,-,-,-
West_Virginia,Marshall,-,-,-,-
West_Virginia,Mason,-,-,-,-
West_Virginia,Mercer,-,-,-,-
West_Virginia,Mineral,-,-,7,1073022.4918100832
West_Virginia,Mingo,-,-,-,-
West_Virginia,Monongalia,-,-,-,-
West_Virginia,Monroe,-,-,-,-
West_Virginia,Morgan,-,-,-,-
West_Virginia,Nicholas,-,-,-,-
West_Virginia,Ohio,-,-,-,-
West_Virginia,Pendleton,-,-,7,1073022.4918100832
West_Virginia,Pleasants,-,-,-,-
West_Virginia,Pocahontas,-,-,-,-
West_Virginia,Preston,-,-,-,-
West_Virginia,Putnam,-,-,-,-
West_Virginia,Raleigh,-,-,-,-
West_Virginia,Randolph,-,-,-,-
West_Virginia,Ritchie,-,-,-,-
West_Virginia,Roane,-,-,-,-
West_Virginia,Summers,-,-,-,-
West_Virginia,Taylor,-,-,-,-
West_Virginia,Tucker,-,-,-,-
West_Virginia,Tyler,-,-,-,-
West_Virginia,Upshur,-,-,-,-
West_Virginia,Wayne,-,-,-,-
West_Virginia,Webster,-,-,-,-
West_Virginia,Wetzel,-,-,-,-
West_Virginia,Wirt,-,-,-,-
West_Virginia,Wood,-,-,-,-
West_Virginia,Wyoming,-,-,-,-
Wisconsin,Wisconsin,6,2094270.0501455318,41,5892187.4616058245
Wisconsin,Adams,-,-,-,-
Wisconsin,Ashland,-,-,-,-
Wisconsin,Barron,-,-,-,-
Wisconsin,Bayfield,-,-,-,-
Wisconsin,Brown,-,-,-,-
Wisconsin,Buffalo,-,-,18,2586814.007534265
Wisconsin,Burnett,-,-,-,-
Wisconsin,Calumet,-,-,-,-
Wisconsin,Chippewa,-,-,-,-
Wisconsin,Clark,-,-,-,-
Wisconsin,Columbia,-,-,-,-
Wisconsin,Crawford,-,-,-,-
Wisconsin,Dane,1,349045.0083575886,-,-
Wisconsin,Dodge,-,-,-,-
Wisconsin,Door,-,-,-,-
Wisconsin,Douglas,-,-,-,-
Wisconsin,Dunn,-,-,-,-
Wisconsin,EauClaire,-,-,1,143711.88930745915
Wisconsin,Florence,-,-,-,-
Wisconsin,FondduLac,-,-,-,-
Wisconsin,Forest,-,-,-,-
Wisconsin,Grant,-,-,-,-
Wisconsin,Green,-,-,-,-
Wisconsin,GreenLake,-,-,-,-
Wisconsin,Iowa,-,-,-,-
Wisconsin,Iron,-,-,-,-
Wisconsin,Jackson,-,-,2,287423.7786149183
Wisconsin,Jefferson,4,1396180.0334303544,-,-
Wisconsin,Juneau,-,-,-,-
Wisconsin,Kenosha,-,-,-,-
Wisconsin,Kewaunee,-,-,-,-
Wisconsin,LaCrosse,-,-,-,-
Wisconsin,Lafayette,-,-,-,-
Wisconsin,Langlade,-,-,-,-
Wisconsin,Lincoln,-,-,-,-
Wisconsin,Manitowoc,-,-,-,-
Wisconsin,Marathon,-,-,-,-
Wisconsin,Marinette,-,-,-,-
Wisconsin,Marquette,-,-,-,-
Wisconsin,Menominee,-,-,-,-
Wisconsin,Milwaukee,-,-,-,-
Wisconsin,Monroe,-,-,-,-
Wisconsin,Oconto,-,-,-,-
Wisconsin,Oneida,-,-,-,-
Wisconsin,Outagamie,-,-,-,-
Wisconsin,Ozaukee,-,-,-,-
Wisconsin,Pepin,-,-,-,-
Wisconsin,Pierce,-,-,-,-
Wisconsin,Polk,-,-,-,-
Wisconsin,Portage,-,-,-,-
Wisconsin,Price,-,-,-,-
Wisconsin,Racine,-,-,-,-
Wisconsin,Richland,-,-,-,-
Wisconsin,Rock,-,-,-,-
Wisconsin,Rusk,-,-,-,-
Wisconsin,St.Croix,-,-,-,-
Wisconsin,Sauk,-,-,-,-
Wisconsin,Sawyer,-,-,-,-
Wisconsin,Shawano,-,-,-,-
Wisconsin,Sheboygan,-,-,-,-
Wisconsin,Taylor,-,-,-,-
Wisconsin,Trempealeau,-,-,20,2874237.786149183
Wisconsin,Vernon,-,-,-,-
Wisconsin,Vilas,-,-,-,-
Wisconsin,Walworth,-,-,-,-
Wisconsin,Washburn,-,-,-,-
Wisconsin,Washington,1,349045.0083575886,-,-
Wisconsin,Waukesha,-,-,-,-
Wisconsin,Waupaca,-,-,-,-
Wisconsin,Waushara,-,-,-,-
Wisconsin,Winnebago,-,-,-,-
Wisconsin,Wood,-,-,-,-
Wyoming,Wyoming,-,-,-,-
Wyoming,Albany,-,-,-,-
Wyoming,BigHorn,-,-,-,-
Wyoming,Campbell,-,-,-,-
Wyoming,Carbon,-,-,-,-
Wyoming,Converse,-,-,-,-
Wyoming,Crook,-,-,-,-
Wyoming,Fremont,-,-,-,-
Wyoming,Goshen,-,-,-,-
Wyoming,HotSprings,-,-,-,-
Wyoming,Johnson,-,-,-,-
Wyoming,Laramie,-,-,-,-
Wyoming,Lincoln,-,-,-,-
Wyoming,Natrona,-,-,-,-
Wyoming,Niobrara,-,-,-,-
Wyoming,Park,-,-,-,-
Wyoming,Platte,-,-,-,-
Wyoming,Sheridan,-,-,-,-
Wyoming,Sublette,-,-,-,-
Wyoming,Sweetwater,-,-,-,-
Wyoming,Teton,-,-,-,-
Wyoming,Uinta,-,-,-,-
Wyoming,Washakie,-,-,-,-
Wyoming,Weston,-,-,-,-
