STATE,COUNTY,DRY2022FAC,DRY2022NUM,COW2022FAC,COW2022NUM
Alabama,Alabama,-,-,-,-
Alabama,Autauga,-,-,-,-
Alabama,Baldwin,-,-,-,-
Alabama,Barbour,-,-,-,-
Alabama,Bibb,-,-,-,-
Alabama,Blount,-,-,-,-
Alabama,Bullock,-,-,-,-
Alabama,Butler,-,-,-,-
Alabama,Calhoun,-,-,-,-
Alabama,Chambers,-,-,-,-
Alabama,Cherokee,-,-,-,-
Alabama,Chilton,-,-,-,-
Alabama,Choctaw,-,-,-,-
Alabama,Clarke,-,-,-,-
Alabama,Clay,-,-,-,-
Alabama,Cleburne,-,-,-,-
Alabama,Coffee,-,-,-,-
Alabama,Colbert,-,-,-,-
Alabama,Conecuh,-,-,-,-
Alabama,Coosa,-,-,-,-
Alabama,Covington,-,-,-,-
Alabama,Crenshaw,-,-,-,-
Alabama,Cullman,-,-,-,-
Alabama,Dale,-,-,-,-
Alabama,Dallas,-,-,-,-
Alabama,DeKalb,-,-,-,-
Alabama,Elmore,-,-,-,-
Alabama,Escambia,-,-,-,-
Alabama,Etowah,-,-,-,-
Alabama,Fayette,-,-,-,-
Alabama,Franklin,-,-,-,-
Alabama,Geneva,-,-,-,-
Alabama,Greene,-,-,-,-
Alabama,Hale,-,-,-,-
Alabama,Henry,-,-,-,-
Alabama,Houston,-,-,-,-
Alabama,Jackson,-,-,-,-
Alabama,Jefferson,-,-,-,-
Alabama,Lamar,-,-,-,-
Alabama,Lauderdale,-,-,-,-
Alabama,Lawrence,-,-,-,-
Alabama,Lee,-,-,-,-
Alabama,Limestone,-,-,-,-
Alabama,Lowndes,-,-,-,-
Alabama,Macon,-,-,-,-
Alabama,Madison,-,-,-,-
Alabama,Marengo,-,-,-,-
Alabama,Marion,-,-,-,-
Alabama,Marshall,-,-,-,-
Alabama,Mobile,-,-,-,-
Alabama,Monroe,-,-,-,-
Alabama,Montgomery,-,-,-,-
Alabama,Morgan,-,-,-,-
Alabama,Perry,-,-,-,-
Alabama,Pickens,-,-,-,-
Alabama,Pike,-,-,-,-
Alabama,Randolph,-,-,-,-
Alabama,Russell,-,-,-,-
Alabama,St.Clair,-,-,-,-
Alabama,Shelby,-,-,-,-
Alabama,Sumter,-,-,-,-
Alabama,Talladega,-,-,-,-
Alabama,Tallapoosa,-,-,-,-
Alabama,Tuscaloosa,-,-,-,-
Alabama,Walker,-,-,-,-
Alabama,Washington,-,-,-,-
Alabama,Wilcox,-,-,-,-
Alabama,Winston,-,-,-,-
Arizona,Arizona,39,"198,662",6,"268,496"
Arizona,Apache,-,-,-,-
Arizona,Cochise,1,(D),-,-
Arizona,Coconino,-,-,-,-
Arizona,Gila,-,-,-,-
Arizona,Graham,-,-,-,-
Arizona,Greenlee,-,-,-,-
Arizona,LaPaz,1,(D),-,-
Arizona,Maricopa,22,"102,773",1,(D)
Arizona,Mohave,-,-,-,-
Arizona,Navajo,-,-,-,-
Arizona,Pima,-,-,-,-
Arizona,Pinal,14,(D),4,(D)
Arizona,SantaCruz,-,-,-,-
Arizona,Yavapai,-,-,-,-
Arizona,Yuma,1,(D),1,(D)
Arkansas,Arkansas,-,-,-,-
Arkansas,Arkansas,-,-,-,-
Arkansas,Ashley,-,-,-,-
Arkansas,Baxter,-,-,-,-
Arkansas,Benton,-,-,-,-
Arkansas,Boone,-,-,-,-
Arkansas,Bradley,-,-,-,-
Arkansas,Calhoun,-,-,-,-
Arkansas,Carroll,-,-,-,-
Arkansas,Chicot,-,-,-,-
Arkansas,Clark,-,-,-,-
Arkansas,Clay,-,-,-,-
Arkansas,Cleburne,-,-,-,-
Arkansas,Cleveland,-,-,-,-
Arkansas,Columbia,-,-,-,-
Arkansas,Conway,-,-,-,-
Arkansas,Craighead,-,-,-,-
Arkansas,Crawford,-,-,-,-
Arkansas,Crittenden,-,-,-,-
Arkansas,Cross,-,-,-,-
Arkansas,Dallas,-,-,-,-
Arkansas,Desha,-,-,-,-
Arkansas,Drew,-,-,-,-
Arkansas,Faulkner,-,-,-,-
Arkansas,Franklin,-,-,-,-
Arkansas,Fulton,-,-,-,-
Arkansas,Garland,-,-,-,-
Arkansas,Grant,-,-,-,-
Arkansas,Greene,-,-,-,-
Arkansas,Hempstead,-,-,-,-
Arkansas,HotSpring,-,-,-,-
Arkansas,Howard,-,-,-,-
Arkansas,Independence,-,-,-,-
Arkansas,Izard,-,-,-,-
Arkansas,Jackson,-,-,-,-
Arkansas,Jefferson,-,-,-,-
Arkansas,Johnson,-,-,-,-
Arkansas,Lafayette,-,-,-,-
Arkansas,Lawrence,-,-,-,-
Arkansas,Lee,-,-,-,-
Arkansas,Lincoln,-,-,-,-
Arkansas,LittleRiver,-,-,-,-
Arkansas,Logan,-,-,-,-
Arkansas,Lonoke,-,-,-,-
Arkansas,Madison,-,-,-,-
Arkansas,Marion,-,-,-,-
Arkansas,Miller,-,-,-,-
Arkansas,Mississippi,-,-,-,-
Arkansas,Monroe,-,-,-,-
Arkansas,Montgomery,-,-,-,-
Arkansas,Nevada,-,-,-,-
Arkansas,Newton,-,-,-,-
Arkansas,Ouachita,-,-,-,-
Arkansas,Perry,-,-,-,-
Arkansas,Phillips,-,-,-,-
Arkansas,Pike,-,-,-,-
Arkansas,Poinsett,-,-,-,-
Arkansas,Polk,-,-,-,-
Arkansas,Pope,-,-,-,-
Arkansas,Prairie,-,-,-,-
Arkansas,Pulaski,-,-,-,-
Arkansas,Randolph,-,-,-,-
Arkansas,St.Francis,-,-,-,-
Arkansas,Saline,-,-,-,-
Arkansas,Scott,-,-,-,-
Arkansas,Searcy,-,-,-,-
Arkansas,Sebastian,-,-,-,-
Arkansas,Sevier,-,-,-,-
Arkansas,Sharp,-,-,-,-
Arkansas,Stone,-,-,-,-
Arkansas,Union,-,-,-,-
Arkansas,VanBuren,-,-,-,-
Arkansas,Washington,-,-,-,-
Arkansas,White,-,-,-,-
Arkansas,Woodruff,-,-,-,-
Arkansas,Yell,-,-,-,-
California,California,723,"1,657,610",24,"511,641"
California,Alameda,-,-,-,-
California,Alpine,-,-,-,-
California,Amador,-,-,-,-
California,Butte,-,-,-,-
California,Calaveras,-,-,-,-
California,Colusa,-,-,-,-
California,ContraCosta,-,-,-,-
California,DelNorte,1,(D),-,-
California,ElDorado,-,-,-,-
California,Fresno,38,"110,911",2,(D)
California,Glenn,9,"11,805",-,-
California,Humboldt,2,(D),-,-
California,Imperial,4,"13,921",13,"345,271"
California,Inyo,-,-,-,-
California,Kern,36,"129,189",3,(D)
California,Kings,68,"150,013",1,(D)
California,Lake,-,-,-,-
California,Lassen,-,-,-,-
California,LosAngeles,1,(D),-,-
California,Madera,23,"78,246",-,-
California,Marin,1,(D),-,-
California,Mariposa,-,-,-,-
California,Mendocino,-,-,-,-
California,Merced,142,"286,662",-,-
California,Modoc,-,-,-,-
California,Mono,-,-,-,-
California,Monterey,1,(D),-,-
California,Napa,-,-,-,-
California,Nevada,-,-,-,-
California,Orange,-,-,-,-
California,Placer,-,-,-,-
California,Plumas,-,-,-,-
California,Riverside,8,"13,364",-,-
California,Sacramento,9,(D),-,-
California,SanBenito,-,-,-,-
California,SanBernardino,15,"52,330",2,(D)
California,SanDiego,3,"5,480",-,-
California,SanFrancisco,-,-,-,-
California,SanJoaquin,63,"132,672",-,-
California,SanLuisObispo,-,-,-,-
California,SanMateo,-,-,-,-
California,SantaBarbara,1,(D),-,-
California,SantaClara,-,-,-,-
California,SantaCruz,-,-,-,-
California,Shasta,-,-,-,-
California,Sierra,-,-,-,-
California,Siskiyou,-,-,1,(D)
California,Solano,1,(D),-,-
California,Sonoma,17,"13,085",-,-
California,Stanislaus,101,"150,073",1,(D)
California,Sutter,-,-,-,-
California,Tehama,-,-,1,(D)
California,Trinity,-,-,-,-
California,Tulare,177,"479,214",-,-
California,Tuolumne,-,-,-,-
California,Ventura,-,-,-,-
California,Yolo,-,-,-,-
California,Yuba,2,(D),-,-
Colorado,Colorado,64,"193,190",82,"1,058,828"
Colorado,Adams,2,(D),-,-
Colorado,Alamosa,-,-,-,-
Colorado,Arapahoe,-,-,-,-
Colorado,Archuleta,-,-,-,-
Colorado,Baca,-,-,1,(D)
Colorado,Bent,-,-,-,-
Colorado,Boulder,-,-,-,-
Colorado,Broomfield,-,-,-,-
Colorado,Chaffee,-,-,-,-
Colorado,Cheyenne,-,-,-,-
Colorado,ClearCreek,-,-,-,-
Colorado,Conejos,-,-,-,-
Colorado,Costilla,-,-,-,-
Colorado,Crowley,-,-,1,(D)
Colorado,Custer,-,-,-,-
Colorado,Delta,1,(D),-,-
Colorado,Denver,-,-,-,-
Colorado,Dolores,-,-,-,-
Colorado,Douglas,-,-,-,-
Colorado,Eagle,-,-,-,-
Colorado,Elbert,-,-,-,-
Colorado,ElPaso,-,-,-,-
Colorado,Fremont,-,-,-,-
Colorado,Garfield,-,-,-,-
Colorado,Gilpin,-,-,-,-
Colorado,Grand,-,-,-,-
Colorado,Gunnison,-,-,-,-
Colorado,Hinsdale,-,-,-,-
Colorado,Huerfano,1,(D),-,-
Colorado,Jackson,-,-,-,-
Colorado,Jefferson,-,-,-,-
Colorado,Kiowa,-,-,-,-
Colorado,KitCarson,1,(D),15,"185,570"
Colorado,Lake,-,-,-,-
Colorado,LaPlata,-,-,-,-
Colorado,Larimer,5,"11,547",2,(D)
Colorado,LasAnimas,-,-,-,-
Colorado,Lincoln,-,-,-,-
Colorado,Logan,-,-,11,"130,070"
Colorado,Mesa,-,-,1,(D)
Colorado,Mineral,-,-,-,-
Colorado,Moffat,-,-,-,-
Colorado,Montezuma,-,-,-,-
Colorado,Montrose,1,(D),-,-
Colorado,Morgan,8,"38,232",6,"118,793"
Colorado,Otero,-,-,3,(D)
Colorado,Ouray,-,-,-,-
Colorado,Park,-,-,-,-
Colorado,Phillips,1,(D),3,"14,570"
Colorado,Pitkin,-,-,-,-
Colorado,Prowers,-,-,6,"85,528"
Colorado,Pueblo,-,-,-,-
Colorado,RioBlanco,-,-,-,-
Colorado,RioGrande,-,-,-,-
Colorado,Routt,-,-,-,-
Colorado,Saguache,-,-,-,-
Colorado,SanJuan,-,-,-,-
Colorado,SanMiguel,-,-,-,-
Colorado,Sedgwick,-,-,2,(D)
Colorado,Summit,-,-,-,-
Colorado,Teller,-,-,-,-
Colorado,Washington,1,(D),3,(D)
Colorado,Weld,42,"129,634",16,"207,676"
Colorado,Yuma,1,(D),12,"171,280"
Connecticut,Connecticut,6,"9,344",-,-
Connecticut,Fairfield,-,-,-,-
Connecticut,Hartford,-,-,-,-
Connecticut,Litchfield,1,(D),-,-
Connecticut,Middlesex,-,-,-,-
Connecticut,NewHaven,-,-,-,-
Connecticut,NewLondon,3,"3,345",-,-
Connecticut,Tolland,1,(D),-,-
Connecticut,Windham,1,(D),-,-
Delaware,Delaware,-,-,1,500.0
Delaware,Kent,-,-,1,500.0
Delaware,NewCastle,-,-,-,-
Delaware,Sussex,-,-,-,-
Florida,Florida,37,"90,224",-,-
Florida,Alachua,-,-,-,-
Florida,Baker,-,-,-,-
Florida,Bay,-,-,-,-
Florida,Bradford,-,-,-,-
Florida,Brevard,-,-,-,-
Florida,Broward,-,-,-,-
Florida,Calhoun,-,-,-,-
Florida,Charlotte,-,-,-,-
Florida,Citrus,1,(D),-,-
Florida,Clay,-,-,-,-
Florida,Collier,-,-,-,-
Florida,Columbia,-,-,-,-
Florida,DeSoto,1,(D),-,-
Florida,Dixie,-,-,-,-
Florida,Duval,-,-,-,-
Florida,Escambia,-,-,-,-
Florida,Flagler,-,-,-,-
Florida,Franklin,-,-,-,-
Florida,Gadsden,-,-,-,-
Florida,Gilchrist,4,"19,053",-,-
Florida,Glades,1,(D),-,-
Florida,Gulf,-,-,-,-
Florida,Hamilton,-,-,-,-
Florida,Hardee,3,(D),-,-
Florida,Hendry,-,-,-,-
Florida,Hernando,-,-,-,-
Florida,Highlands,2,(D),-,-
Florida,Hillsborough,-,-,-,-
Florida,Holmes,-,-,-,-
Florida,IndianRiver,-,-,-,-
Florida,Jackson,1,(D),-,-
Florida,Jefferson,2,(D),-,-
Florida,Lafayette,3,"3,150",-,-
Florida,Lake,-,-,-,-
Florida,Lee,-,-,-,-
Florida,Leon,-,-,-,-
Florida,Levy,-,-,-,-
Florida,Liberty,-,-,-,-
Florida,Madison,2,(D),-,-
Florida,Manatee,2,(D),-,-
Florida,Marion,-,-,-,-
Florida,Martin,-,-,-,-
Florida,Miami-Dade,-,-,-,-
Florida,Monroe,-,-,-,-
Florida,Nassau,-,-,-,-
Florida,Okaloosa,-,-,-,-
Florida,Okeechobee,9,"30,843",-,-
Florida,Orange,-,-,-,-
Florida,Osceola,-,-,-,-
Florida,PalmBeach,-,-,-,-
Florida,Pasco,-,-,-,-
Florida,Pinellas,-,-,-,-
Florida,Polk,-,-,-,-
Florida,Putnam,1,(D),-,-
Florida,St.Johns,-,-,-,-
Florida,St.Lucie,-,-,-,-
Florida,SantaRosa,-,-,-,-
Florida,Sarasota,-,-,-,-
Florida,Seminole,-,-,-,-
Florida,Sumter,1,(D),-,-
Florida,Suwannee,4,(D),-,-
Florida,Taylor,-,-,-,-
Florida,Union,-,-,-,-
Florida,Volusia,-,-,-,-
Florida,Wakulla,-,-,-,-
Florida,Walton,-,-,-,-
Florida,Washington,-,-,-,-
Georgia,Georgia,32,"60,282",-,-
Georgia,Appling,-,-,-,-
Georgia,Atkinson,-,-,-,-
Georgia,Bacon,-,-,-,-
Georgia,Baker,-,-,-,-
Georgia,Baldwin,-,-,-,-
Georgia,Banks,-,-,-,-
Georgia,Barrow,-,-,-,-
Georgia,Bartow,-,-,-,-
Georgia,BenHill,-,-,-,-
Georgia,Berrien,-,-,-,-
Georgia,Bibb,-,-,-,-
Georgia,Bleckley,-,-,-,-
Georgia,Brantley,-,-,-,-
Georgia,Brooks,3,"7,007",-,-
Georgia,Bryan,-,-,-,-
Georgia,Bulloch,-,-,-,-
Georgia,Burke,5,"6,715",-,-
Georgia,Butts,-,-,-,-
Georgia,Calhoun,-,-,-,-
Georgia,Camden,-,-,-,-
Georgia,Candler,-,-,-,-
Georgia,Carroll,-,-,-,-
Georgia,Catoosa,-,-,-,-
Georgia,Charlton,-,-,-,-
Georgia,Chatham,-,-,-,-
Georgia,Chattahoochee,-,-,-,-
Georgia,Chattooga,-,-,-,-
Georgia,Cherokee,-,-,-,-
Georgia,Clarke,-,-,-,-
Georgia,Clay,-,-,-,-
Georgia,Clayton,-,-,-,-
Georgia,Clinch,-,-,-,-
Georgia,Cobb,-,-,-,-
Georgia,Coffee,-,-,-,-
Georgia,Colquitt,-,-,-,-
Georgia,Columbia,-,-,-,-
Georgia,Cook,-,-,-,-
Georgia,Coweta,-,-,-,-
Georgia,Crawford,-,-,-,-
Georgia,Crisp,-,-,-,-
Georgia,Dade,-,-,-,-
Georgia,Dawson,-,-,-,-
Georgia,Decatur,1,(D),-,-
Georgia,DeKalb,-,-,-,-
Georgia,Dodge,-,-,-,-
Georgia,Dooly,-,-,-,-
Georgia,Dougherty,-,-,-,-
Georgia,Douglas,-,-,-,-
Georgia,Early,-,-,-,-
Georgia,Echols,-,-,-,-
Georgia,Effingham,-,-,-,-
Georgia,Elbert,-,-,-,-
Georgia,Emanuel,-,-,-,-
Georgia,Evans,-,-,-,-
Georgia,Fannin,-,-,-,-
Georgia,Fayette,-,-,-,-
Georgia,Floyd,-,-,-,-
Georgia,Forsyth,-,-,-,-
Georgia,Franklin,-,-,-,-
Georgia,Fulton,-,-,-,-
Georgia,Gilmer,-,-,-,-
Georgia,Glascock,-,-,-,-
Georgia,Glynn,-,-,-,-
Georgia,Gordon,-,-,-,-
Georgia,Grady,1,(D),-,-
Georgia,Greene,1,(D),-,-
Georgia,Gwinnett,-,-,-,-
Georgia,Habersham,-,-,-,-
Georgia,Hall,-,-,-,-
Georgia,Hancock,-,-,-,-
Georgia,Haralson,-,-,-,-
Georgia,Harris,-,-,-,-
Georgia,Hart,-,-,-,-
Georgia,Heard,-,-,-,-
Georgia,Henry,-,-,-,-
Georgia,Houston,2,(D),-,-
Georgia,Irwin,-,-,-,-
Georgia,Jackson,-,-,-,-
Georgia,Jasper,-,-,-,-
Georgia,JeffDavis,-,-,-,-
Georgia,Jefferson,1,(D),-,-
Georgia,Jenkins,-,-,-,-
Georgia,Johnson,-,-,-,-
Georgia,Jones,-,-,-,-
Georgia,Lamar,-,-,-,-
Georgia,Lanier,-,-,-,-
Georgia,Laurens,-,-,-,-
Georgia,Lee,2,(D),-,-
Georgia,Liberty,-,-,-,-
Georgia,Lincoln,-,-,-,-
Georgia,Long,-,-,-,-
Georgia,Lowndes,-,-,-,-
Georgia,Lumpkin,-,-,-,-
Georgia,McDuffie,-,-,-,-
Georgia,McIntosh,-,-,-,-
Georgia,Macon,2,(D),-,-
Georgia,Madison,1,(D),-,-
Georgia,Marion,-,-,-,-
Georgia,Meriwether,-,-,-,-
Georgia,Miller,-,-,-,-
Georgia,Mitchell,1,(D),-,-
Georgia,Monroe,-,-,-,-
Georgia,Montgomery,-,-,-,-
Georgia,Morgan,2,(D),-,-
Georgia,Murray,-,-,-,-
Georgia,Muscogee,-,-,-,-
Georgia,Newton,-,-,-,-
Georgia,Oconee,-,-,-,-
Georgia,Oglethorpe,1,(D),-,-
Georgia,Paulding,-,-,-,-
Georgia,Peach,-,-,-,-
Georgia,Pickens,-,-,-,-
Georgia,Pierce,-,-,-,-
Georgia,Pike,-,-,-,-
Georgia,Polk,-,-,-,-
Georgia,Pulaski,-,-,-,-
Georgia,Putnam,2,(D),-,-
Georgia,Quitman,-,-,-,-
Georgia,Rabun,-,-,-,-
Georgia,Randolph,-,-,-,-
Georgia,Richmond,-,-,-,-
Georgia,Rockdale,-,-,-,-
Georgia,Schley,-,-,-,-
Georgia,Screven,-,-,-,-
Georgia,Seminole,-,-,-,-
Georgia,Spalding,-,-,-,-
Georgia,Stephens,-,-,-,-
Georgia,Stewart,-,-,-,-
Georgia,Sumter,1,(D),-,-
Georgia,Talbot,-,-,-,-
Georgia,Taliaferro,-,-,-,-
Georgia,Tattnall,-,-,-,-
Georgia,Taylor,-,-,-,-
Georgia,Telfair,-,-,-,-
Georgia,Terrell,-,-,-,-
Georgia,Thomas,3,"2,295",-,-
Georgia,Tift,-,-,-,-
Georgia,Toombs,-,-,-,-
Georgia,Towns,-,-,-,-
Georgia,Treutlen,-,-,-,-
Georgia,Troup,-,-,-,-
Georgia,Turner,-,-,-,-
Georgia,Twiggs,-,-,-,-
Georgia,Union,-,-,-,-
Georgia,Upson,-,-,-,-
Georgia,Walker,-,-,-,-
Georgia,Walton,-,-,-,-
Georgia,Ware,-,-,-,-
Georgia,Warren,-,-,-,-
Georgia,Washington,-,-,-,-
Georgia,Wayne,-,-,-,-
Georgia,Webster,-,-,-,-
Georgia,Wheeler,-,-,-,-
Georgia,White,-,-,-,-
Georgia,Whitfield,-,-,-,-
Georgia,Wilcox,3,"2,115",-,-
Georgia,Wilkes,-,-,-,-
Georgia,Wilkinson,-,-,-,-
Georgia,Worth,-,-,-,-
Idaho,Idaho,167,"638,066",30,"324,592"
Idaho,Ada,10,"18,362",1,(D)
Idaho,Adams,-,-,-,-
Idaho,Bannock,-,-,-,-
Idaho,BearLake,-,-,-,-
Idaho,Benewah,-,-,-,-
Idaho,Bingham,3,(D),1,(D)
Idaho,Blaine,-,-,-,-
Idaho,Boise,-,-,-,-
Idaho,Bonner,-,-,-,-
Idaho,Bonneville,-,-,1,(D)
Idaho,Boundary,-,-,-,-
Idaho,Butte,-,-,-,-
Idaho,Camas,-,-,-,-
Idaho,Canyon,21,"42,489",-,-
Idaho,Caribou,2,(D),-,-
Idaho,Cassia,20,"70,508",9,"74,499"
Idaho,Clark,-,-,-,-
Idaho,Clearwater,-,-,-,-
Idaho,Custer,-,-,-,-
Idaho,Elmore,4,"28,800",1,(D)
Idaho,Franklin,5,"3,209",-,-
Idaho,Fremont,-,-,-,-
Idaho,Gem,-,-,1,(D)
Idaho,Gooding,25,"161,777",-,-
Idaho,Idaho,-,-,-,-
Idaho,Jefferson,3,"12,150",1,(D)
Idaho,Jerome,20,"101,632",5,"17,790"
Idaho,Kootenai,-,-,-,-
Idaho,Latah,-,-,-,-
Idaho,Lemhi,-,-,-,-
Idaho,Lewis,-,-,-,-
Idaho,Lincoln,9,"26,875",1,(D)
Idaho,Madison,-,-,-,-
Idaho,Minidoka,4,"18,002",1,(D)
Idaho,NezPerce,-,-,-,-
Idaho,Oneida,-,-,-,-
Idaho,Owyhee,4,"22,900",3,(D)
Idaho,Payette,6,"16,072",1,(D)
Idaho,Power,1,(D),3,(D)
Idaho,Shoshone,-,-,-,-
Idaho,Teton,-,-,-,-
Idaho,TwinFalls,30,"107,482",1,(D)
Idaho,Valley,-,-,-,-
Idaho,Washington,-,-,-,-
Illinois,Illinois,23,"20,827",129,"122,096"
Illinois,Adams,-,-,3,"2,646"
Illinois,Alexander,-,-,-,-
Illinois,Bond,-,-,-,-
Illinois,Boone,1,(D),-,-
Illinois,Brown,-,-,-,-
Illinois,Bureau,-,-,1,(D)
Illinois,Calhoun,-,-,-,-
Illinois,Carroll,1,(D),7,"7,626"
Illinois,Cass,-,-,-,-
Illinois,Champaign,-,-,-,-
Illinois,Christian,-,-,-,-
Illinois,Clark,-,-,-,-
Illinois,Clay,-,-,1,(D)
Illinois,Clinton,4,"2,640",4,"2,533"
Illinois,Coles,-,-,-,-
Illinois,Cook,-,-,-,-
Illinois,Crawford,-,-,-,-
Illinois,Cumberland,-,-,2,(D)
Illinois,DeKalb,-,-,3,"6,400"
Illinois,DeWitt,-,-,-,-
Illinois,Douglas,-,-,-,-
Illinois,DuPage,-,-,-,-
Illinois,Edgar,-,-,-,-
Illinois,Edwards,-,-,-,-
Illinois,Effingham,-,-,15,"10,063"
Illinois,Fayette,3,"1,650",3,"2,600"
Illinois,Ford,-,-,3,"3,552"
Illinois,Franklin,-,-,-,-
Illinois,Fulton,-,-,1,(D)
Illinois,Gallatin,-,-,-,-
Illinois,Greene,-,-,-,-
Illinois,Grundy,-,-,-,-
Illinois,Hamilton,-,-,-,-
Illinois,Hancock,-,-,5,"3,336"
Illinois,Hardin,-,-,-,-
Illinois,Henderson,-,-,-,-
Illinois,Henry,-,-,3,"4,768"
Illinois,Iroquois,-,-,7,"6,604"
Illinois,Jackson,-,-,-,-
Illinois,Jasper,-,-,1,(D)
Illinois,Jefferson,-,-,-,-
Illinois,Jersey,-,-,-,-
Illinois,JoDaviess,1,(D),3,"2,292"
Illinois,Johnson,-,-,-,-
Illinois,Kane,-,-,1,(D)
Illinois,Kankakee,-,-,-,-
Illinois,Kendall,-,-,-,-
Illinois,Knox,-,-,1,(D)
Illinois,Lake,1,(D),-,-
Illinois,LaSalle,-,-,4,"3,942"
Illinois,Lawrence,-,-,-,-
Illinois,Lee,-,-,-,-
Illinois,Livingston,-,-,-,-
Illinois,Logan,-,-,-,-
Illinois,McDonough,-,-,-,-
Illinois,McHenry,-,-,1,(D)
Illinois,McLean,2,(D),3,"2,490"
Illinois,Macon,-,-,1,(D)
Illinois,Macoupin,1,(D),5,"4,100"
Illinois,Madison,-,-,-,-
Illinois,Marion,-,-,-,-
Illinois,Marshall,-,-,-,-
Illinois,Mason,-,-,-,-
Illinois,Massac,-,-,-,-
Illinois,Menard,-,-,-,-
Illinois,Mercer,-,-,-,-
Illinois,Monroe,-,-,-,-
Illinois,Montgomery,-,-,-,-
Illinois,Morgan,-,-,-,-
Illinois,Moultrie,-,-,-,-
Illinois,Ogle,1,(D),12,"12,649"
Illinois,Peoria,-,-,1,(D)
Illinois,Perry,-,-,-,-
Illinois,Piatt,-,-,-,-
Illinois,Pike,-,-,-,-
Illinois,Pope,-,-,-,-
Illinois,Pulaski,-,-,-,-
Illinois,Putnam,-,-,-,-
Illinois,Randolph,-,-,-,-
Illinois,Richland,1,(D),-,-
Illinois,RockIsland,1,(D),-,-
Illinois,St.Clair,-,-,3,"2,460"
Illinois,Saline,-,-,-,-
Illinois,Sangamon,-,-,1,(D)
Illinois,Schuyler,-,-,1,(D)
Illinois,Scott,-,-,-,-
Illinois,Shelby,1,(D),5,"6,300"
Illinois,Stark,-,-,-,-
Illinois,Stephenson,3,"3,452",10,"8,088"
Illinois,Tazewell,-,-,-,-
Illinois,Union,-,-,-,-
Illinois,Vermilion,-,-,1,(D)
Illinois,Wabash,-,-,-,-
Illinois,Warren,-,-,3,"2,925"
Illinois,Washington,2,(D),-,-
Illinois,Wayne,-,-,-,-
Illinois,White,-,-,-,-
Illinois,Whiteside,-,-,9,"7,374"
Illinois,Will,-,-,-,-
Illinois,Williamson,-,-,1,(D)
Illinois,Winnebago,-,-,4,"2,863"
Illinois,Woodford,-,-,-,-
Indiana,Indiana,43,"127,306",38,"38,654"
Indiana,Adams,1,(D),4,"3,200"
Indiana,Allen,-,-,-,-
Indiana,Bartholomew,-,-,-,-
Indiana,Benton,3,(D),-,-
Indiana,Blackford,-,-,-,-
Indiana,Boone,-,-,-,-
Indiana,Brown,-,-,-,-
Indiana,Carroll,-,-,2,(D)
Indiana,Cass,2,(D),-,-
Indiana,Clark,-,-,-,-
Indiana,Clay,-,-,-,-
Indiana,Clinton,-,-,-,-
Indiana,Crawford,-,-,-,-
Indiana,Daviess,-,-,-,-
Indiana,Dearborn,-,-,-,-
Indiana,Decatur,1,(D),3,"3,230"
Indiana,DeKalb,1,(D),2,(D)
Indiana,Delaware,-,-,-,-
Indiana,Dubois,1,(D),2,(D)
Indiana,Elkhart,2,(D),1,(D)
Indiana,Fayette,-,-,-,-
Indiana,Floyd,-,-,-,-
Indiana,Fountain,-,-,-,-
Indiana,Franklin,-,-,-,-
Indiana,Fulton,-,-,1,(D)
Indiana,Gibson,2,(D),-,-
Indiana,Grant,1,(D),-,-
Indiana,Greene,-,-,-,-
Indiana,Hamilton,-,-,-,-
Indiana,Hancock,-,-,-,-
Indiana,Harrison,-,-,-,-
Indiana,Hendricks,-,-,-,-
Indiana,Henry,1,(D),-,-
Indiana,Howard,-,-,-,-
Indiana,Huntington,3,"6,537",-,-
Indiana,Jackson,-,-,-,-
Indiana,Jasper,6,(D),2,(D)
Indiana,Jay,1,(D),8,"6,000"
Indiana,Jefferson,-,-,-,-
Indiana,Jennings,-,-,-,-
Indiana,Johnson,-,-,-,-
Indiana,Knox,-,-,-,-
Indiana,Kosciusko,2,(D),2,(D)
Indiana,LaGrange,-,-,4,"3,024"
Indiana,Lake,-,-,-,-
Indiana,LaPorte,3,"3,100",1,(D)
Indiana,Lawrence,-,-,-,-
Indiana,Madison,-,-,-,-
Indiana,Marion,-,-,-,-
Indiana,Marshall,3,"6,360",-,-
Indiana,Martin,-,-,-,-
Indiana,Miami,1,(D),-,-
Indiana,Monroe,-,-,-,-
Indiana,Montgomery,-,-,-,-
Indiana,Morgan,-,-,-,-
Indiana,Newton,1,(D),-,-
Indiana,Noble,1,(D),-,-
Indiana,Ohio,-,-,-,-
Indiana,Orange,-,-,-,-
Indiana,Owen,-,-,-,-
Indiana,Parke,-,-,1,(D)
Indiana,Perry,-,-,-,-
Indiana,Pike,-,-,-,-
Indiana,Porter,-,-,-,-
Indiana,Posey,-,-,-,-
Indiana,Pulaski,1,(D),-,-
Indiana,Putnam,-,-,-,-
Indiana,Randolph,1,(D),1,(D)
Indiana,Ripley,-,-,-,-
Indiana,Rush,-,-,-,-
Indiana,St.Joseph,-,-,-,-
Indiana,Scott,-,-,-,-
Indiana,Shelby,-,-,-,-
Indiana,Spencer,-,-,-,-
Indiana,Starke,-,-,-,-
Indiana,Steuben,1,(D),1,(D)
Indiana,Sullivan,-,-,-,-
Indiana,Switzerland,-,-,-,-
Indiana,Tippecanoe,-,-,-,-
Indiana,Tipton,-,-,-,-
Indiana,Union,-,-,-,-
Indiana,Vanderburgh,-,-,-,-
Indiana,Vermillion,-,-,-,-
Indiana,Vigo,-,-,-,-
Indiana,Wabash,1,(D),-,-
Indiana,Warren,1,(D),-,-
Indiana,Warrick,-,-,-,-
Indiana,Washington,-,-,-,-
Indiana,Wayne,-,-,-,-
Indiana,Wells,2,(D),-,-
Indiana,White,-,-,1,(D)
Indiana,Whitley,-,-,2,(D)
Iowa,Iowa,84,"153,880",756,"1,021,116"
Iowa,Adair,-,-,1,(D)
Iowa,Adams,-,-,3,"5,613"
Iowa,Allamakee,5,"5,665",5,"3,225"
Iowa,Appanoose,-,-,-,-
Iowa,Audubon,-,-,12,"14,492"
Iowa,Benton,1,(D),2,(D)
Iowa,BlackHawk,-,-,7,"4,920"
Iowa,Boone,-,-,3,"2,480"
Iowa,Bremer,2,(D),4,"3,236"
Iowa,Buchanan,-,-,5,"4,160"
Iowa,BuenaVista,-,-,7,"8,718"
Iowa,Butler,3,"1,818",2,(D)
Iowa,Calhoun,-,-,4,"6,416"
Iowa,Carroll,-,-,33,"39,767"
Iowa,Cass,1,(D),10,"16,061"
Iowa,Cedar,-,-,1,(D)
Iowa,CerroGordo,-,-,1,(D)
Iowa,Cherokee,-,-,22,"20,368"
Iowa,Chickasaw,1,(D),11,"11,003"
Iowa,Clarke,-,-,1,(D)
Iowa,Clay,-,-,8,"12,998"
Iowa,Clayton,3,"2,076",6,"12,919"
Iowa,Clinton,2,(D),15,"13,337"
Iowa,Crawford,-,-,5,"5,127"
Iowa,Dallas,-,-,4,"12,100"
Iowa,Davis,-,-,2,(D)
Iowa,Decatur,-,-,1,(D)
Iowa,Delaware,1,(D),43,"34,912"
Iowa,DesMoines,-,-,-,-
Iowa,Dickinson,3,"4,500",10,"9,889"
Iowa,Dubuque,8,"4,995",29,"30,683"
Iowa,Emmet,-,-,2,(D)
Iowa,Fayette,-,-,12,"9,736"
Iowa,Floyd,-,-,6,"4,598"
Iowa,Franklin,-,-,2,(D)
Iowa,Fremont,-,-,1,(D)
Iowa,Greene,-,-,9,"12,827"
Iowa,Grundy,-,-,2,(D)
Iowa,Guthrie,-,-,2,(D)
Iowa,Hamilton,-,-,-,-
Iowa,Hancock,-,-,2,(D)
Iowa,Hardin,-,-,3,"1,700"
Iowa,Harrison,-,-,1,(D)
Iowa,Henry,-,-,6,"3,000"
Iowa,Howard,1,(D),6,"8,545"
Iowa,Humboldt,-,-,2,(D)
Iowa,Ida,2,(D),10,"14,404"
Iowa,Iowa,-,-,4,"4,603"
Iowa,Jackson,-,-,25,"24,526"
Iowa,Jasper,-,-,4,"3,200"
Iowa,Jefferson,-,-,5,"3,060"
Iowa,Johnson,-,-,2,(D)
Iowa,Jones,-,-,12,"11,968"
Iowa,Keokuk,-,-,1,(D)
Iowa,Kossuth,1,(D),5,"7,237"
Iowa,Lee,-,-,-,-
Iowa,Linn,-,-,4,"3,746"
Iowa,Louisa,-,-,-,-
Iowa,Lucas,-,-,-,-
Iowa,Lyon,11,"22,670",54,"72,996"
Iowa,Madison,-,-,-,-
Iowa,Mahaska,-,-,4,"7,255"
Iowa,Marion,-,-,-,-
Iowa,Marshall,1,(D),3,"2,801"
Iowa,Mills,-,-,-,-
Iowa,Mitchell,-,-,14,"24,427"
Iowa,Monona,-,-,-,-
Iowa,Monroe,-,-,1,(D)
Iowa,Montgomery,-,-,4,"4,550"
Iowa,Muscatine,-,-,5,"5,983"
Iowa,O'Brien,2,(D),14,"17,745"
Iowa,Osceola,3,(D),18,"28,129"
Iowa,Page,-,-,4,"3,529"
Iowa,PaloAlto,-,-,13,"11,870"
Iowa,Plymouth,3,"15,664",24,"37,409"
Iowa,Pocahontas,2,(D),7,"6,700"
Iowa,Polk,-,-,-,-
Iowa,Pottawattamie,-,-,19,"20,846"
Iowa,Poweshiek,1,(D),-,-
Iowa,Ringgold,-,-,3,"3,834"
Iowa,Sac,-,-,19,"28,994"
Iowa,Scott,-,-,4,"4,509"
Iowa,Shelby,1,(D),11,"14,879"
Iowa,Sioux,12,"25,458",107,"239,924"
Iowa,Story,-,-,5,"6,171"
Iowa,Tama,-,-,6,"7,105"
Iowa,Taylor,-,-,1,(D)
Iowa,Union,-,-,2,(D)
Iowa,VanBuren,-,-,-,-
Iowa,Wapello,-,-,-,-
Iowa,Warren,-,-,-,-
Iowa,Washington,-,-,-,-
Iowa,Wayne,-,-,-,-
Iowa,Webster,-,-,2,(D)
Iowa,Winnebago,-,-,1,(D)
Iowa,Winneshiek,12,"9,009",11,"9,469"
Iowa,Woodbury,2,(D),13,"23,440"
Iowa,Worth,-,-,-,-
Iowa,Wright,-,-,2,(D)
Kansas,Kansas,30,"158,241",216,"2,480,910"
Kansas,Allen,-,-,-,-
Kansas,Anderson,-,-,-,-
Kansas,Atchison,-,-,-,-
Kansas,Barber,-,-,1,(D)
Kansas,Barton,-,-,2,(D)
Kansas,Bourbon,-,-,-,-
Kansas,Brown,-,-,3,"1,933"
Kansas,Butler,-,-,26,"23,233"
Kansas,Chase,-,-,5,"9,380"
Kansas,Chautauqua,-,-,-,-
Kansas,Cherokee,-,-,-,-
Kansas,Cheyenne,1,(D),3,(D)
Kansas,Clark,-,-,5,(D)
Kansas,Clay,-,-,4,"2,206"
Kansas,Cloud,-,-,-,-
Kansas,Coffey,-,-,1,(D)
Kansas,Comanche,-,-,-,-
Kansas,Cowley,-,-,1,(D)
Kansas,Crawford,-,-,-,-
Kansas,Decatur,-,-,2,(D)
Kansas,Dickinson,-,-,2,(D)
Kansas,Doniphan,-,-,-,-
Kansas,Douglas,-,-,1,(D)
Kansas,Edwards,-,-,4,(D)
Kansas,Elk,-,-,1,(D)
Kansas,Ellis,-,-,4,"2,504"
Kansas,Ellsworth,-,-,-,-
Kansas,Finney,1,(D),9,(D)
Kansas,Ford,-,-,8,(D)
Kansas,Franklin,-,-,3,"5,183"
Kansas,Geary,-,-,-,-
Kansas,Gove,-,-,1,(D)
Kansas,Graham,-,-,-,-
Kansas,Grant,1,(D),3,"180,042"
Kansas,Gray,3,"27,450",9,"214,905"
Kansas,Greeley,2,(D),1,(D)
Kansas,Greenwood,-,-,3,"3,300"
Kansas,Hamilton,6,"56,338",2,(D)
Kansas,Harper,-,-,-,-
Kansas,Harvey,-,-,2,(D)
Kansas,Haskell,-,-,6,(D)
Kansas,Hodgeman,1,(D),2,(D)
Kansas,Jackson,-,-,-,-
Kansas,Jefferson,1,(D),-,-
Kansas,Jewell,-,-,-,-
Kansas,Johnson,-,-,-,-
Kansas,Kearny,2,(D),2,(D)
Kansas,Kingman,-,-,-,-
Kansas,Kiowa,-,-,-,-
Kansas,Labette,-,-,1,(D)
Kansas,Lane,-,-,2,(D)
Kansas,Leavenworth,-,-,-,-
Kansas,Lincoln,-,-,3,"4,950"
Kansas,Linn,-,-,-,-
Kansas,Logan,-,-,1,(D)
Kansas,Lyon,-,-,2,(D)
Kansas,McPherson,-,-,4,"14,285"
Kansas,Marion,-,-,3,"3,954"
Kansas,Marshall,-,-,1,(D)
Kansas,Meade,1,(D),2,(D)
Kansas,Miami,-,-,-,-
Kansas,Mitchell,-,-,2,(D)
Kansas,Montgomery,-,-,-,-
Kansas,Morris,-,-,4,(D)
Kansas,Morton,-,-,-,-
Kansas,Nemaha,3,"2,335",4,"8,757"
Kansas,Neosho,-,-,-,-
Kansas,Ness,-,-,-,-
Kansas,Norton,-,-,3,"4,132"
Kansas,Osage,-,-,-,-
Kansas,Osborne,-,-,-,-
Kansas,Ottawa,-,-,1,(D)
Kansas,Pawnee,-,-,1,(D)
Kansas,Phillips,-,-,1,(D)
Kansas,Pottawatomie,-,-,3,"1,900"
Kansas,Pratt,-,-,3,(D)
Kansas,Rawlins,-,-,-,-
Kansas,Reno,-,-,6,(D)
Kansas,Republic,-,-,2,(D)
Kansas,Rice,-,-,7,(D)
Kansas,Riley,-,-,-,-
Kansas,Rooks,-,-,1,(D)
Kansas,Rush,-,-,-,-
Kansas,Russell,-,-,1,(D)
Kansas,Saline,-,-,-,-
Kansas,Scott,1,(D),12,"280,485"
Kansas,Sedgwick,-,-,-,-
Kansas,Seward,1,(D),3,(D)
Kansas,Shawnee,-,-,-,-
Kansas,Sheridan,-,-,5,(D)
Kansas,Sherman,-,-,2,(D)
Kansas,Smith,-,-,4,"9,997"
Kansas,Stafford,-,-,2,(D)
Kansas,Stanton,1,(D),1,(D)
Kansas,Stevens,1,(D),2,(D)
Kansas,Sumner,-,-,-,-
Kansas,Thomas,1,(D),3,(D)
Kansas,Trego,-,-,-,-
Kansas,Wabaunsee,-,-,-,-
Kansas,Wallace,-,-,1,(D)
Kansas,Washington,3,"4,847",2,(D)
Kansas,Wichita,-,-,4,(D)
Kansas,Wilson,-,-,-,-
Kansas,Woodson,-,-,1,(D)
Kansas,Wyandotte,-,-,-,-
Kentucky,Kentucky,9,"9,015",5,"3,562"
Kentucky,Adair,1,(D),-,-
Kentucky,Allen,-,-,-,-
Kentucky,Anderson,-,-,-,-
Kentucky,Ballard,-,-,-,-
Kentucky,Barren,2,(D),-,-
Kentucky,Bath,-,-,-,-
Kentucky,Bell,-,-,-,-
Kentucky,Boone,-,-,-,-
Kentucky,Bourbon,-,-,-,-
Kentucky,Boyd,-,-,-,-
Kentucky,Boyle,-,-,-,-
Kentucky,Bracken,-,-,-,-
Kentucky,Breathitt,-,-,-,-
Kentucky,Breckinridge,-,-,-,-
Kentucky,Bullitt,-,-,-,-
Kentucky,Butler,-,-,-,-
Kentucky,Caldwell,-,-,-,-
Kentucky,Calloway,-,-,-,-
Kentucky,Campbell,-,-,-,-
Kentucky,Carlisle,-,-,-,-
Kentucky,Carroll,-,-,-,-
Kentucky,Carter,-,-,-,-
Kentucky,Casey,-,-,-,-
Kentucky,Christian,-,-,-,-
Kentucky,Clark,-,-,-,-
Kentucky,Clay,-,-,-,-
Kentucky,Clinton,-,-,-,-
Kentucky,Crittenden,-,-,-,-
Kentucky,Cumberland,-,-,-,-
Kentucky,Daviess,-,-,-,-
Kentucky,Edmonson,-,-,-,-
Kentucky,Elliott,-,-,-,-
Kentucky,Estill,-,-,-,-
Kentucky,Fayette,-,-,-,-
Kentucky,Fleming,-,-,1,(D)
Kentucky,Floyd,-,-,-,-
Kentucky,Franklin,-,-,-,-
Kentucky,Fulton,-,-,-,-
Kentucky,Gallatin,-,-,-,-
Kentucky,Garrard,-,-,-,-
Kentucky,Grant,-,-,-,-
Kentucky,Graves,-,-,-,-
Kentucky,Grayson,-,-,-,-
Kentucky,Green,-,-,-,-
Kentucky,Greenup,-,-,-,-
Kentucky,Hancock,-,-,-,-
Kentucky,Hardin,-,-,-,-
Kentucky,Harlan,-,-,-,-
Kentucky,Harrison,-,-,-,-
Kentucky,Hart,-,-,-,-
Kentucky,Henderson,-,-,-,-
Kentucky,Henry,-,-,-,-
Kentucky,Hickman,-,-,-,-
Kentucky,Hopkins,-,-,-,-
Kentucky,Jackson,-,-,-,-
Kentucky,Jefferson,-,-,-,-
Kentucky,Jessamine,-,-,-,-
Kentucky,Johnson,-,-,-,-
Kentucky,Kenton,-,-,-,-
Kentucky,Knott,-,-,-,-
Kentucky,Knox,-,-,-,-
Kentucky,Larue,-,-,-,-
Kentucky,Laurel,-,-,-,-
Kentucky,Lawrence,-,-,-,-
Kentucky,Lee,-,-,-,-
Kentucky,Leslie,-,-,-,-
Kentucky,Letcher,-,-,-,-
Kentucky,Lewis,-,-,-,-
Kentucky,Lincoln,-,-,-,-
Kentucky,Livingston,-,-,-,-
Kentucky,Logan,2,(D),-,-
Kentucky,Lyon,-,-,-,-
Kentucky,McCracken,-,-,-,-
Kentucky,McCreary,-,-,-,-
Kentucky,McLean,-,-,-,-
Kentucky,Madison,-,-,-,-
Kentucky,Magoffin,-,-,-,-
Kentucky,Marion,-,-,-,-
Kentucky,Marshall,-,-,-,-
Kentucky,Martin,-,-,-,-
Kentucky,Mason,-,-,-,-
Kentucky,Meade,-,-,-,-
Kentucky,Menifee,-,-,-,-
Kentucky,Mercer,-,-,-,-
Kentucky,Metcalfe,1,(D),-,-
Kentucky,Monroe,1,(D),1,(D)
Kentucky,Montgomery,-,-,-,-
Kentucky,Morgan,-,-,-,-
Kentucky,Muhlenberg,-,-,-,-
Kentucky,Nelson,-,-,-,-
Kentucky,Nicholas,-,-,-,-
Kentucky,Ohio,-,-,-,-
Kentucky,Oldham,-,-,-,-
Kentucky,Owen,-,-,-,-
Kentucky,Owsley,-,-,-,-
Kentucky,Pendleton,-,-,-,-
Kentucky,Perry,-,-,-,-
Kentucky,Pike,-,-,-,-
Kentucky,Powell,-,-,-,-
Kentucky,Pulaski,-,-,-,-
Kentucky,Robertson,-,-,-,-
Kentucky,Rockcastle,-,-,-,-
Kentucky,Rowan,-,-,-,-
Kentucky,Russell,-,-,1,(D)
Kentucky,Scott,-,-,-,-
Kentucky,Shelby,-,-,1,(D)
Kentucky,Simpson,-,-,-,-
Kentucky,Spencer,-,-,-,-
Kentucky,Taylor,-,-,-,-
Kentucky,Todd,-,-,-,-
Kentucky,Trigg,-,-,1,(D)
Kentucky,Trimble,-,-,-,-
Kentucky,Union,-,-,-,-
Kentucky,Warren,1,(D),-,-
Kentucky,Washington,1,(D),-,-
Kentucky,Wayne,-,-,-,-
Kentucky,Webster,-,-,-,-
Kentucky,Whitley,-,-,-,-
Kentucky,Wolfe,-,-,-,-
Kentucky,Woodford,-,-,-,-
Louisiana,Louisiana,3,"1,933",-,-
Louisiana,Acadia,-,-,-,-
Louisiana,Allen,-,-,-,-
Louisiana,Ascension,-,-,-,-
Louisiana,Assumption,-,-,-,-
Louisiana,Avoyelles,-,-,-,-
Louisiana,Beauregard,-,-,-,-
Louisiana,Bienville,-,-,-,-
Louisiana,Bossier,-,-,-,-
Louisiana,Caddo,-,-,-,-
Louisiana,Calcasieu,-,-,-,-
Louisiana,Caldwell,-,-,-,-
Louisiana,Cameron,-,-,-,-
Louisiana,Catahoula,-,-,-,-
Louisiana,Claiborne,-,-,-,-
Louisiana,Concordia,-,-,-,-
Louisiana,DeSoto,-,-,-,-
Louisiana,EastBatonRouge,-,-,-,-
Louisiana,EastCarroll,-,-,-,-
Louisiana,EastFeliciana,-,-,-,-
Louisiana,Evangeline,-,-,-,-
Louisiana,Franklin,1,(D),-,-
Louisiana,Grant,-,-,-,-
Louisiana,Iberia,-,-,-,-
Louisiana,Iberville,-,-,-,-
Louisiana,Jackson,-,-,-,-
Louisiana,Jefferson,-,-,-,-
Louisiana,JeffersonDavis,-,-,-,-
Louisiana,Lafayette,-,-,-,-
Louisiana,Lafourche,-,-,-,-
Louisiana,LaSalle,-,-,-,-
Louisiana,Lincoln,-,-,-,-
Louisiana,Livingston,-,-,-,-
Louisiana,Madison,-,-,-,-
Louisiana,Morehouse,-,-,-,-
Louisiana,Natchitoches,-,-,-,-
Louisiana,Orleans,-,-,-,-
Louisiana,Ouachita,-,-,-,-
Louisiana,Plaquemines,-,-,-,-
Louisiana,PointeCoupee,-,-,-,-
Louisiana,Rapides,-,-,-,-
Louisiana,RedRiver,-,-,-,-
Louisiana,Richland,-,-,-,-
Louisiana,Sabine,-,-,-,-
Louisiana,St.Bernard,-,-,-,-
Louisiana,St.Charles,-,-,-,-
Louisiana,St.Helena,-,-,-,-
Louisiana,St.James,-,-,-,-
Louisiana,St.JohntheBaptist,-,-,-,-
Louisiana,St.Landry,-,-,-,-
Louisiana,St.Martin,-,-,-,-
Louisiana,St.Mary,-,-,-,-
Louisiana,St.Tammany,-,-,-,-
Louisiana,Tangipahoa,-,-,-,-
Louisiana,Tensas,-,-,-,-
Louisiana,Terrebonne,-,-,-,-
Louisiana,Union,-,-,-,-
Louisiana,Vermilion,-,-,-,-
Louisiana,Vernon,-,-,-,-
Louisiana,Washington,2,(D),-,-
Louisiana,Webster,-,-,-,-
Louisiana,WestBatonRouge,-,-,-,-
Louisiana,WestCarroll,-,-,-,-
Louisiana,WestFeliciana,-,-,-,-
Louisiana,Winn,-,-,-,-
Maine,Maine,12,"10,699",3,"3,274"
Maine,Androscoggin,-,-,-,-
Maine,Aroostook,-,-,1,(D)
Maine,Cumberland,-,-,-,-
Maine,Franklin,-,-,-,-
Maine,Hancock,-,-,-,-
Maine,Kennebec,4,"4,590",-,-
Maine,Knox,-,-,-,-
Maine,Lincoln,-,-,-,-
Maine,Oxford,-,-,-,-
Maine,Penobscot,4,"3,079",1,(D)
Maine,Piscataquis,1,(D),-,-
Maine,Sagadahoc,-,-,-,-
Maine,Somerset,2,(D),1,(D)
Maine,Waldo,1,(D),-,-
Maine,Washington,-,-,-,-
Maine,York,-,-,-,-
Maryland,Maryland,11,"10,925",-,-
Maryland,Allegany,-,-,-,-
Maryland,AnneArundel,-,-,-,-
Maryland,Baltimore,-,-,-,-
Maryland,Calvert,-,-,-,-
Maryland,Caroline,1,(D),-,-
Maryland,Carroll,1,(D),-,-
Maryland,Cecil,1,(D),-,-
Maryland,Charles,-,-,-,-
Maryland,Dorchester,-,-,-,-
Maryland,Frederick,4,"4,310",-,-
Maryland,Garrett,-,-,-,-
Maryland,Harford,-,-,-,-
Maryland,Howard,-,-,-,-
Maryland,Kent,3,(D),-,-
Maryland,Montgomery,-,-,-,-
Maryland,PrinceGeorge's,-,-,-,-
Maryland,QueenAnne's,1,(D),-,-
Maryland,St.Mary's,-,-,-,-
Maryland,Somerset,-,-,-,-
Maryland,Talbot,-,-,-,-
Maryland,Washington,-,-,-,-
Maryland,Wicomico,-,-,-,-
Maryland,Worcester,-,-,-,-
Massachusetts,Massachusetts,1,500.0,-,-
Massachusetts,Barnstable,-,-,-,-
Massachusetts,Berkshire,1,500.0,-,-
Massachusetts,Bristol,-,-,-,-
Massachusetts,Dukes,-,-,-,-
Massachusetts,Essex,-,-,-,-
Massachusetts,Franklin,-,-,-,-
Massachusetts,Hampden,-,-,-,-
Massachusetts,Hampshire,-,-,-,-
Massachusetts,Middlesex,-,-,-,-
Massachusetts,Nantucket,-,-,-,-
Massachusetts,Norfolk,-,-,-,-
Massachusetts,Plymouth,-,-,-,-
Massachusetts,Suffolk,-,-,-,-
Massachusetts,Worcester,-,-,-,-
Michigan,Michigan,185,"317,308",75,"81,646"
Michigan,Alcona,1,(D),-,-
Michigan,Alger,-,-,-,-
Michigan,Allegan,13,"19,762",1,(D)
Michigan,Alpena,1,(D),-,-
Michigan,Antrim,-,-,-,-
Michigan,Arenac,2,(D),-,-
Michigan,Baraga,-,-,-,-
Michigan,Barry,10,"13,119",2,(D)
Michigan,Bay,-,-,-,-
Michigan,Benzie,-,-,-,-
Michigan,Berrien,-,-,-,-
Michigan,Branch,1,(D),3,"2,970"
Michigan,Calhoun,2,(D),1,(D)
Michigan,Cass,1,(D),-,-
Michigan,Charlevoix,-,-,-,-
Michigan,Cheboygan,-,-,-,-
Michigan,Chippewa,-,-,-,-
Michigan,Clare,1,(D),1,(D)
Michigan,Clinton,16,"28,270",1,(D)
Michigan,Crawford,-,-,-,-
Michigan,Delta,-,-,-,-
Michigan,Dickinson,-,-,-,-
Michigan,Eaton,-,-,-,-
Michigan,Emmet,-,-,-,-
Michigan,Genesee,-,-,-,-
Michigan,Gladwin,1,(D),-,-
Michigan,Gogebic,-,-,-,-
Michigan,GrandTraverse,-,-,-,-
Michigan,Gratiot,11,"26,380",4,"4,500"
Michigan,Hillsdale,4,"6,965",1,(D)
Michigan,Houghton,-,-,-,-
Michigan,Huron,16,"41,515",19,"34,109"
Michigan,Ingham,2,(D),2,(D)
Michigan,Ionia,12,"20,328",2,(D)
Michigan,Iosco,2,(D),-,-
Michigan,Iron,-,-,-,-
Michigan,Isabella,2,(D),4,"3,340"
Michigan,Jackson,1,(D),-,-
Michigan,Kalamazoo,3,"7,635",-,-
Michigan,Kalkaska,-,-,-,-
Michigan,Kent,3,"5,099",2,(D)
Michigan,Keweenaw,-,-,-,-
Michigan,Lake,-,-,-,-
Michigan,Lapeer,-,-,2,(D)
Michigan,Leelanau,-,-,-,-
Michigan,Lenawee,7,"13,740",-,-
Michigan,Livingston,1,(D),2,(D)
Michigan,Luce,-,-,-,-
Michigan,Mackinac,-,-,-,-
Michigan,Macomb,-,-,1,(D)
Michigan,Manistee,-,-,-,-
Michigan,Marquette,-,-,-,-
Michigan,Mason,2,(D),1,(D)
Michigan,Mecosta,3,"1,875",-,-
Michigan,Menominee,3,"3,816",-,-
Michigan,Midland,2,(D),-,-
Michigan,Missaukee,13,"23,414",-,-
Michigan,Monroe,-,-,-,-
Michigan,Montcalm,2,(D),-,-
Michigan,Montmorency,-,-,-,-
Michigan,Muskegon,2,(D),-,-
Michigan,Newaygo,8,"10,825",3,"2,100"
Michigan,Oakland,-,-,-,-
Michigan,Oceana,1,(D),-,-
Michigan,Ogemaw,2,(D),-,-
Michigan,Ontonagon,-,-,-,-
Michigan,Osceola,5,"5,350",1,(D)
Michigan,Oscoda,-,-,-,-
Michigan,Otsego,-,-,-,-
Michigan,Ottawa,8,"10,694",5,"3,450"
Michigan,PresqueIsle,-,-,-,-
Michigan,Roscommon,-,-,-,-
Michigan,Saginaw,1,(D),-,-
Michigan,St.Clair,-,-,3,"3,000"
Michigan,St.Joseph,2,(D),3,"1,964"
Michigan,Sanilac,9,"18,836",8,"6,060"
Michigan,Schoolcraft,-,-,-,-
Michigan,Shiawassee,1,(D),1,(D)
Michigan,Tuscola,4,"4,507",1,(D)
Michigan,VanBuren,4,"7,740",-,-
Michigan,Washtenaw,-,-,-,-
Michigan,Wayne,-,-,-,-
Michigan,Wexford,-,-,1,(D)
Minnesota,Minnesota,161,"233,639",320,"323,729"
Minnesota,Aitkin,-,-,-,-
Minnesota,Anoka,-,-,-,-
Minnesota,Becker,8,"6,159",3,"2,400"
Minnesota,Beltrami,-,-,-,-
Minnesota,Benton,4,"12,887",-,-
Minnesota,BigStone,-,-,-,-
Minnesota,BlueEarth,-,-,1,(D)
Minnesota,Brown,-,-,8,"5,136"
Minnesota,Carlton,-,-,-,-
Minnesota,Carver,-,-,1,(D)
Minnesota,Cass,-,-,-,-
Minnesota,Chippewa,1,(D),-,-
Minnesota,Chisago,-,-,-,-
Minnesota,Clay,-,-,-,-
Minnesota,Clearwater,-,-,-,-
Minnesota,Cook,-,-,-,-
Minnesota,Cottonwood,-,-,5,"7,748"
Minnesota,CrowWing,-,-,-,-
Minnesota,Dakota,1,(D),5,"6,383"
Minnesota,Dodge,2,(D),6,"3,300"
Minnesota,Douglas,3,"1,725",1,(D)
Minnesota,Faribault,1,(D),2,(D)
Minnesota,Fillmore,5,"4,258",2,(D)
Minnesota,Freeborn,-,-,1,(D)
Minnesota,Goodhue,7,"6,576",7,"5,445"
Minnesota,Grant,2,(D),-,-
Minnesota,Hennepin,-,-,-,-
Minnesota,Houston,6,"4,910",4,"3,930"
Minnesota,Hubbard,-,-,-,-
Minnesota,Isanti,1,(D),-,-
Minnesota,Itasca,-,-,-,-
Minnesota,Jackson,-,-,3,"2,670"
Minnesota,Kanabec,-,-,-,-
Minnesota,Kandiyohi,6,"12,658",1,(D)
Minnesota,Kittson,-,-,-,-
Minnesota,Koochiching,-,-,-,-
Minnesota,LacquiParle,-,-,1,(D)
Minnesota,Lake,-,-,-,-
Minnesota,LakeoftheWoods,-,-,-,-
Minnesota,LeSueur,-,-,1,(D)
Minnesota,Lincoln,1,(D),4,"4,200"
Minnesota,Lyon,-,-,41,"32,177"
Minnesota,McLeod,2,(D),2,(D)
Minnesota,Mahnomen,-,-,-,-
Minnesota,Marshall,-,-,-,-
Minnesota,Martin,-,-,4,"3,430"
Minnesota,Meeker,6,"6,481",7,"6,050"
Minnesota,MilleLacs,-,-,-,-
Minnesota,Morrison,7,"7,313",7,"5,880"
Minnesota,Mower,2,(D),-,-
Minnesota,Murray,1,(D),13,"15,267"
Minnesota,Nicollet,1,(D),-,-
Minnesota,Nobles,5,"5,350",34,"40,250"
Minnesota,Norman,-,-,-,-
Minnesota,Olmsted,4,"4,360",2,(D)
Minnesota,OtterTail,6,"3,369",3,"1,750"
Minnesota,Pennington,-,-,-,-
Minnesota,Pine,-,-,2,(D)
Minnesota,Pipestone,5,"8,480",16,"20,086"
Minnesota,Polk,1,(D),-,-
Minnesota,Pope,1,(D),1,(D)
Minnesota,Ramsey,-,-,-,-
Minnesota,RedLake,-,-,3,(D)
Minnesota,Redwood,-,-,26,"29,656"
Minnesota,Renville,-,-,12,"15,012"
Minnesota,Rice,2,(D),-,-
Minnesota,Rock,2,(D),37,"41,479"
Minnesota,Roseau,-,-,1,(D)
Minnesota,St.Louis,-,-,-,-
Minnesota,Scott,-,-,-,-
Minnesota,Sherburne,-,-,4,"3,800"
Minnesota,Sibley,5,"3,655",2,(D)
Minnesota,Stearns,17,"20,964",23,"18,911"
Minnesota,Steele,-,-,-,-
Minnesota,Stevens,1,(D),4,"6,926"
Minnesota,Swift,2,(D),4,"3,480"
Minnesota,Todd,4,"3,978",1,(D)
Minnesota,Traverse,1,(D),1,(D)
Minnesota,Wabasha,12,"12,336",1,(D)
Minnesota,Wadena,-,-,-,-
Minnesota,Waseca,-,-,3,"2,700"
Minnesota,Washington,-,-,-,-
Minnesota,Watonwan,-,-,2,(D)
Minnesota,Wilkin,-,-,-,-
Minnesota,Winona,22,"15,752",-,-
Minnesota,Wright,3,"1,816",5,"3,850"
Minnesota,YellowMedicine,1,(D),3,"2,175"
Mississippi,Mississippi,2,1000.0,-,-
Mississippi,Adams,-,-,-,-
Mississippi,Alcorn,-,-,-,-
Mississippi,Amite,-,-,-,-
Mississippi,Attala,-,-,-,-
Mississippi,Benton,-,-,-,-
Mississippi,Bolivar,-,-,-,-
Mississippi,Calhoun,-,-,-,-
Mississippi,Carroll,-,-,-,-
Mississippi,Chickasaw,-,-,-,-
Mississippi,Choctaw,-,-,-,-
Mississippi,Claiborne,-,-,-,-
Mississippi,Clarke,-,-,-,-
Mississippi,Clay,-,-,-,-
Mississippi,Coahoma,-,-,-,-
Mississippi,Copiah,1,500.0,-,-
Mississippi,Covington,-,-,-,-
Mississippi,DeSoto,-,-,-,-
Mississippi,Forrest,-,-,-,-
Mississippi,Franklin,-,-,-,-
Mississippi,George,-,-,-,-
Mississippi,Greene,-,-,-,-
Mississippi,Grenada,-,-,-,-
Mississippi,Hancock,-,-,-,-
Mississippi,Harrison,-,-,-,-
Mississippi,Hinds,-,-,-,-
Mississippi,Holmes,-,-,-,-
Mississippi,Humphreys,-,-,-,-
Mississippi,Issaquena,-,-,-,-
Mississippi,Itawamba,-,-,-,-
Mississippi,Jackson,-,-,-,-
Mississippi,Jasper,-,-,-,-
Mississippi,Jefferson,-,-,-,-
Mississippi,JeffersonDavis,-,-,-,-
Mississippi,Jones,-,-,-,-
Mississippi,Kemper,-,-,-,-
Mississippi,Lafayette,-,-,-,-
Mississippi,Lamar,-,-,-,-
Mississippi,Lauderdale,-,-,-,-
Mississippi,Lawrence,-,-,-,-
Mississippi,Leake,-,-,-,-
Mississippi,Lee,-,-,-,-
Mississippi,Leflore,-,-,-,-
Mississippi,Lincoln,-,-,-,-
Mississippi,Lowndes,-,-,-,-
Mississippi,Madison,-,-,-,-
Mississippi,Marion,1,500.0,-,-
Mississippi,Marshall,-,-,-,-
Mississippi,Monroe,-,-,-,-
Mississippi,Montgomery,-,-,-,-
Mississippi,Neshoba,-,-,-,-
Mississippi,Newton,-,-,-,-
Mississippi,Noxubee,-,-,-,-
Mississippi,Oktibbeha,-,-,-,-
Mississippi,Panola,-,-,-,-
Mississippi,PearlRiver,-,-,-,-
Mississippi,Perry,-,-,-,-
Mississippi,Pike,-,-,-,-
Mississippi,Pontotoc,-,-,-,-
Mississippi,Prentiss,-,-,-,-
Mississippi,Quitman,-,-,-,-
Mississippi,Rankin,-,-,-,-
Mississippi,Scott,-,-,-,-
Mississippi,Sharkey,-,-,-,-
Mississippi,Simpson,-,-,-,-
Mississippi,Smith,-,-,-,-
Mississippi,Stone,-,-,-,-
Mississippi,Sunflower,-,-,-,-
Mississippi,Tallahatchie,-,-,-,-
Mississippi,Tate,-,-,-,-
Mississippi,Tippah,-,-,-,-
Mississippi,Tishomingo,-,-,-,-
Mississippi,Tunica,-,-,-,-
Mississippi,Union,-,-,-,-
Mississippi,Walthall,-,-,-,-
Mississippi,Warren,-,-,-,-
Mississippi,Washington,-,-,-,-
Mississippi,Wayne,-,-,-,-
Mississippi,Webster,-,-,-,-
Mississippi,Wilkinson,-,-,-,-
Mississippi,Winston,-,-,-,-
Mississippi,Yalobusha,-,-,-,-
Mississippi,Yazoo,-,-,-,-
Missouri,Missouri,11,"22,663",32,"36,603"
Missouri,Adair,-,-,-,-
Missouri,Andrew,-,-,2,(D)
Missouri,Atchison,-,-,1,(D)
Missouri,Audrain,-,-,1,(D)
Missouri,Barry,1,(D),-,-
Missouri,Barton,1,(D),-,-
Missouri,Bates,-,-,2,(D)
Missouri,Benton,-,-,-,-
Missouri,Bollinger,-,-,1,(D)
Missouri,Boone,-,-,-,-
Missouri,Buchanan,-,-,-,-
Missouri,Butler,-,-,-,-
Missouri,Caldwell,-,-,1,(D)
Missouri,Callaway,-,-,-,-
Missouri,Camden,-,-,-,-
Missouri,CapeGirardeau,-,-,2,(D)
Missouri,Carroll,-,-,-,-
Missouri,Carter,-,-,-,-
Missouri,Cass,-,-,-,-
Missouri,Cedar,-,-,-,-
Missouri,Chariton,-,-,-,-
Missouri,Christian,-,-,-,-
Missouri,Clark,-,-,1,(D)
Missouri,Clay,-,-,1,(D)
Missouri,Clinton,-,-,-,-
Missouri,Cole,-,-,-,-
Missouri,Cooper,-,-,-,-
Missouri,Crawford,-,-,-,-
Missouri,Dade,-,-,-,-
Missouri,Dallas,-,-,-,-
Missouri,Daviess,-,-,-,-
Missouri,DeKalb,-,-,2,(D)
Missouri,Dent,-,-,-,-
Missouri,Douglas,-,-,-,-
Missouri,Dunklin,-,-,-,-
Missouri,Franklin,2,(D),-,-
Missouri,Gasconade,-,-,-,-
Missouri,Gentry,-,-,1,(D)
Missouri,Greene,-,-,-,-
Missouri,Grundy,-,-,-,-
Missouri,Harrison,-,-,-,-
Missouri,Henry,-,-,-,-
Missouri,Hickory,1,(D),-,-
Missouri,Holt,-,-,-,-
Missouri,Howard,-,-,-,-
Missouri,Howell,-,-,-,-
Missouri,Iron,-,-,-,-
Missouri,Jackson,-,-,-,-
Missouri,Jasper,2,(D),-,-
Missouri,Jefferson,-,-,-,-
Missouri,Johnson,-,-,-,-
Missouri,Knox,-,-,3,"3,601"
Missouri,Laclede,-,-,-,-
Missouri,Lafayette,1,(D),6,"4,860"
Missouri,Lawrence,-,-,1,(D)
Missouri,Lewis,1,(D),-,-
Missouri,Lincoln,-,-,-,-
Missouri,Linn,-,-,-,-
Missouri,Livingston,-,-,-,-
Missouri,McDonald,-,-,-,-
Missouri,Macon,-,-,-,-
Missouri,Madison,-,-,-,-
Missouri,Maries,-,-,-,-
Missouri,Marion,-,-,-,-
Missouri,Mercer,-,-,-,-
Missouri,Miller,-,-,1,(D)
Missouri,Mississippi,-,-,-,-
Missouri,Moniteau,-,-,-,-
Missouri,Monroe,-,-,1,(D)
Missouri,Montgomery,-,-,-,-
Missouri,Morgan,-,-,-,-
Missouri,NewMadrid,-,-,-,-
Missouri,Newton,-,-,-,-
Missouri,Nodaway,-,-,-,-
Missouri,Oregon,-,-,-,-
Missouri,Osage,-,-,-,-
Missouri,Ozark,-,-,-,-
Missouri,Pemiscot,-,-,-,-
Missouri,Perry,-,-,2,(D)
Missouri,Pettis,-,-,-,-
Missouri,Phelps,-,-,-,-
Missouri,Pike,-,-,-,-
Missouri,Platte,-,-,-,-
Missouri,Polk,1,(D),-,-
Missouri,Pulaski,-,-,-,-
Missouri,Putnam,-,-,-,-
Missouri,Ralls,-,-,-,-
Missouri,Randolph,-,-,-,-
Missouri,Ray,-,-,-,-
Missouri,Reynolds,-,-,-,-
Missouri,Ripley,-,-,3,"1,500"
Missouri,St.Charles,-,-,-,-
Missouri,St.Clair,-,-,-,-
Missouri,Ste.Genevieve,-,-,-,-
Missouri,St.Francois,-,-,-,-
Missouri,St.Louis,-,-,-,-
Missouri,Saline,-,-,-,-
Missouri,Schuyler,-,-,-,-
Missouri,Scotland,-,-,-,-
Missouri,Scott,-,-,-,-
Missouri,Shannon,-,-,-,-
Missouri,Shelby,-,-,-,-
Missouri,Stoddard,-,-,-,-
Missouri,Stone,-,-,-,-
Missouri,Sullivan,-,-,-,-
Missouri,Taney,-,-,-,-
Missouri,Texas,-,-,-,-
Missouri,Vernon,1,(D),-,-
Missouri,Warren,-,-,-,-
Missouri,Washington,-,-,-,-
Missouri,Wayne,-,-,-,-
Missouri,Webster,-,-,-,-
Missouri,Worth,-,-,-,-
Missouri,Wright,-,-,-,-
Montana,Montana,4,"3,430",19,"25,888"
Montana,Beaverhead,-,-,-,-
Montana,BigHorn,-,-,-,-
Montana,Blaine,-,-,-,-
Montana,Broadwater,1,(D),-,-
Montana,Carbon,-,-,1,(D)
Montana,Carter,-,-,1,(D)
Montana,Cascade,-,-,1,(D)
Montana,Chouteau,-,-,-,-
Montana,Custer,-,-,-,-
Montana,Daniels,-,-,-,-
Montana,Dawson,-,-,-,-
Montana,DeerLodge,-,-,-,-
Montana,Fallon,-,-,-,-
Montana,Fergus,-,-,-,-
Montana,Flathead,-,-,-,-
Montana,Gallatin,2,(D),1,(D)
Montana,Garfield,-,-,2,(D)
Montana,Glacier,-,-,-,-
Montana,GoldenValley,-,-,-,-
Montana,Granite,-,-,-,-
Montana,Hill,-,-,-,-
Montana,Jefferson,-,-,-,-
Montana,JudithBasin,-,-,1,(D)
Montana,Lake,1,(D),-,-
Montana,LewisandClark,-,-,-,-
Montana,Liberty,-,-,-,-
Montana,Lincoln,-,-,-,-
Montana,McCone,-,-,-,-
Montana,Madison,-,-,-,-
Montana,Meagher,-,-,-,-
Montana,Mineral,-,-,-,-
Montana,Missoula,-,-,-,-
Montana,Musselshell,-,-,-,-
Montana,Park,-,-,-,-
Montana,Petroleum,-,-,-,-
Montana,Phillips,-,-,-,-
Montana,Pondera,-,-,-,-
Montana,PowderRiver,-,-,2,(D)
Montana,Powell,-,-,-,-
Montana,Prairie,-,-,1,(D)
Montana,Ravalli,-,-,-,-
Montana,Richland,-,-,6,"3,781"
Montana,Roosevelt,-,-,-,-
Montana,Rosebud,-,-,-,-
Montana,Sanders,-,-,-,-
Montana,Sheridan,-,-,-,-
Montana,SilverBow,-,-,-,-
Montana,Stillwater,-,-,-,-
Montana,SweetGrass,-,-,-,-
Montana,Teton,-,-,1,(D)
Montana,Toole,-,-,-,-
Montana,Treasure,-,-,-,-
Montana,Valley,-,-,-,-
Montana,Wheatland,-,-,-,-
Montana,Wibaux,-,-,-,-
Montana,Yellowstone,-,-,2,(D)
Nebraska,Nebraska,26,"48,280",546,"2,840,597"
Nebraska,Adams,-,-,2,(D)
Nebraska,Antelope,2,(D),14,"69,264"
Nebraska,Arthur,-,-,-,-
Nebraska,Banner,-,-,3,(D)
Nebraska,Blaine,-,-,2,(D)
Nebraska,Boone,-,-,13,"67,626"
Nebraska,BoxButte,-,-,6,"14,926"
Nebraska,Boyd,-,-,4,"9,498"
Nebraska,Brown,-,-,5,"64,930"
Nebraska,Buffalo,1,(D),4,"24,455"
Nebraska,Burt,-,-,4,"15,360"
Nebraska,Butler,1,(D),6,"18,878"
Nebraska,Cass,-,-,-,-
Nebraska,Cedar,-,-,13,"48,630"
Nebraska,Chase,-,-,8,"107,201"
Nebraska,Cherry,-,-,1,(D)
Nebraska,Cheyenne,-,-,7,"40,152"
Nebraska,Clay,-,-,2,(D)
Nebraska,Colfax,-,-,25,"59,751"
Nebraska,Cuming,1,(D),69,"309,456"
Nebraska,Custer,1,(D),16,"114,012"
Nebraska,Dakota,-,-,-,-
Nebraska,Dawes,-,-,5,"8,998"
Nebraska,Dawson,-,-,17,"145,619"
Nebraska,Deuel,-,-,2,(D)
Nebraska,Dixon,1,(D),1,(D)
Nebraska,Dodge,-,-,17,"26,663"
Nebraska,Douglas,-,-,-,-
Nebraska,Dundy,-,-,4,"11,789"
Nebraska,Fillmore,-,-,9,"19,950"
Nebraska,Franklin,-,-,2,(D)
Nebraska,Frontier,-,-,1,(D)
Nebraska,Furnas,1,(D),5,"10,134"
Nebraska,Gage,-,-,1,(D)
Nebraska,Garden,-,-,-,-
Nebraska,Garfield,-,-,5,(D)
Nebraska,Gosper,-,-,1,(D)
Nebraska,Grant,-,-,-,-
Nebraska,Greeley,-,-,3,(D)
Nebraska,Hall,-,-,9,"50,666"
Nebraska,Hamilton,-,-,6,"16,749"
Nebraska,Harlan,-,-,1,(D)
Nebraska,Hayes,-,-,3,(D)
Nebraska,Hitchcock,-,-,-,-
Nebraska,Holt,-,-,8,"15,517"
Nebraska,Hooker,-,-,-,-
Nebraska,Howard,-,-,9,"24,568"
Nebraska,Jefferson,1,(D),1,(D)
Nebraska,Johnson,-,-,-,-
Nebraska,Kearney,-,-,4,"78,760"
Nebraska,Keith,-,-,2,(D)
Nebraska,KeyaPaha,-,-,2,(D)
Nebraska,Kimball,-,-,-,-
Nebraska,Knox,-,-,14,"50,970"
Nebraska,Lancaster,1,(D),-,-
Nebraska,Lincoln,-,-,9,"173,778"
Nebraska,Logan,-,-,1,(D)
Nebraska,Loup,-,-,1,(D)
Nebraska,McPherson,-,-,-,-
Nebraska,Madison,1,(D),11,"54,791"
Nebraska,Merrick,-,-,7,"30,140"
Nebraska,Morrill,-,-,26,"95,312"
Nebraska,Nance,-,-,1,(D)
Nebraska,Nemaha,-,-,-,-
Nebraska,Nuckolls,-,-,-,-
Nebraska,Otoe,-,-,-,-
Nebraska,Pawnee,-,-,-,-
Nebraska,Perkins,-,-,3,"11,463"
Nebraska,Phelps,-,-,20,"192,632"
Nebraska,Pierce,-,-,14,"26,708"
Nebraska,Platte,1,(D),42,"98,211"
Nebraska,Polk,1,(D),7,"21,267"
Nebraska,RedWillow,2,(D),3,(D)
Nebraska,Richardson,-,-,-,-
Nebraska,Rock,-,-,1,(D)
Nebraska,Saline,-,-,2,(D)
Nebraska,Sarpy,-,-,1,(D)
Nebraska,Saunders,-,-,5,"34,307"
Nebraska,ScottsBluff,-,-,9,"56,510"
Nebraska,Seward,-,-,4,"17,890"
Nebraska,Sheridan,-,-,-,-
Nebraska,Sherman,-,-,5,(D)
Nebraska,Sioux,-,-,2,(D)
Nebraska,Stanton,-,-,4,"16,955"
Nebraska,Thayer,-,-,1,(D)
Nebraska,Thomas,-,-,-,-
Nebraska,Thurston,-,-,7,"27,046"
Nebraska,Valley,-,-,10,"31,573"
Nebraska,Washington,6,(D),3,"2,260"
Nebraska,Wayne,5,(D),1,(D)
Nebraska,Webster,-,-,1,(D)
Nebraska,Wheeler,-,-,2,(D)
Nebraska,York,-,-,7,"24,184"
Nevada,Nevada,11,"30,463",1,500.0
Nevada,Churchill,9,(D),-,-
Nevada,Clark,-,-,-,-
Nevada,Douglas,-,-,-,-
Nevada,Elko,-,-,-,-
Nevada,Esmeralda,-,-,-,-
Nevada,Eureka,-,-,-,-
Nevada,Humboldt,-,-,-,-
Nevada,Lander,-,-,-,-
Nevada,Lincoln,-,-,-,-
Nevada,Lyon,1,(D),1,500.0
Nevada,Mineral,-,-,-,-
Nevada,Nye,1,(D),-,-
Nevada,Pershing,-,-,-,-
Nevada,Storey,-,-,-,-
Nevada,Washoe,-,-,-,-
Nevada,WhitePine,-,-,-,-
Nevada,CarsonCity,-,-,-,-
New_Hampshire,NewHampshire,4,"3,023",-,-
New_Hampshire,Belknap,-,-,-,-
New_Hampshire,Carroll,-,-,-,-
New_Hampshire,Cheshire,-,-,-,-
New_Hampshire,Coos,1,(D),-,-
New_Hampshire,Grafton,1,(D),-,-
New_Hampshire,Hillsborough,-,-,-,-
New_Hampshire,Merrimack,-,-,-,-
New_Hampshire,Rockingham,-,-,-,-
New_Hampshire,Strafford,-,-,-,-
New_Hampshire,Sullivan,2,(D),-,-
New_Jersey,NewJersey,1,500.0,-,-
New_Jersey,Atlantic,-,-,-,-
New_Jersey,Bergen,-,-,-,-
New_Jersey,Burlington,-,-,-,-
New_Jersey,Camden,-,-,-,-
New_Jersey,CapeMay,-,-,-,-
New_Jersey,Cumberland,-,-,-,-
New_Jersey,Essex,-,-,-,-
New_Jersey,Gloucester,1,500.0,-,-
New_Jersey,Hudson,-,-,-,-
New_Jersey,Hunterdon,-,-,-,-
New_Jersey,Mercer,-,-,-,-
New_Jersey,Middlesex,-,-,-,-
New_Jersey,Monmouth,-,-,-,-
New_Jersey,Morris,-,-,-,-
New_Jersey,Ocean,-,-,-,-
New_Jersey,Passaic,-,-,-,-
New_Jersey,Salem,-,-,-,-
New_Jersey,Somerset,-,-,-,-
New_Jersey,Sussex,-,-,-,-
New_Jersey,Union,-,-,-,-
New_Jersey,Warren,-,-,-,-
New_Mexico,NewMexico,76,"280,066",12,"43,537"
New_Mexico,Bernalillo,-,-,-,-
New_Mexico,Catron,-,-,-,-
New_Mexico,Chaves,17,"60,550",1,(D)
New_Mexico,Cibola,-,-,-,-
New_Mexico,Colfax,-,-,3,"5,550"
New_Mexico,Curry,19,(D),2,(D)
New_Mexico,DeBaca,-,-,-,-
New_Mexico,DonaAna,6,"16,150",-,-
New_Mexico,Eddy,3,"8,400",-,-
New_Mexico,Grant,-,-,-,-
New_Mexico,Guadalupe,-,-,-,-
New_Mexico,Harding,-,-,-,-
New_Mexico,Hidalgo,-,-,-,-
New_Mexico,Lea,6,"35,140",-,-
New_Mexico,Lincoln,-,-,-,-
New_Mexico,LosAlamos,-,-,-,-
New_Mexico,Luna,3,"8,320",1,(D)
New_Mexico,McKinley,-,-,-,-
New_Mexico,Mora,-,-,-,-
New_Mexico,Otero,-,-,-,-
New_Mexico,Quay,-,-,1,(D)
New_Mexico,RioArriba,-,-,-,-
New_Mexico,Roosevelt,18,(D),1,(D)
New_Mexico,Sandoval,-,-,-,-
New_Mexico,SanJuan,-,-,-,-
New_Mexico,SanMiguel,-,-,-,-
New_Mexico,SantaFe,-,-,-,-
New_Mexico,Sierra,-,-,-,-
New_Mexico,Socorro,2,(D),-,-
New_Mexico,Taos,-,-,-,-
New_Mexico,Torrance,1,(D),-,-
New_Mexico,Union,-,-,2,(D)
New_Mexico,Valencia,1,(D),1,(D)
New_York,NewYork,318,"425,018",5,"4,851"
New_York,Albany,1,(D),-,-
New_York,Allegany,3,"3,550",-,-
New_York,Bronx,-,-,-,-
New_York,Broome,3,"4,450",-,-
New_York,Cattaraugus,5,"9,770",-,-
New_York,Cayuga,18,"41,459",-,-
New_York,Chautauqua,12,"9,245",-,-
New_York,Chemung,1,(D),-,-
New_York,Chenango,5,"5,805",-,-
New_York,Clinton,13,"16,157",-,-
New_York,Columbia,3,"5,615",-,-
New_York,Cortland,9,"11,178",-,-
New_York,Delaware,1,(D),-,-
New_York,Dutchess,-,-,-,-
New_York,Erie,5,"5,905",-,-
New_York,Essex,-,-,-,-
New_York,Franklin,12,"12,850",-,-
New_York,Fulton,-,-,-,-
New_York,Genesee,14,"24,903",1,(D)
New_York,Greene,1,(D),-,-
New_York,Hamilton,-,-,-,-
New_York,Herkimer,4,"5,290",-,-
New_York,Jefferson,14,"20,778",-,-
New_York,Kings,-,-,-,-
New_York,Lewis,9,"12,306",-,-
New_York,Livingston,19,"25,223",-,-
New_York,Madison,4,"5,100",-,-
New_York,Monroe,1,(D),-,-
New_York,Montgomery,9,"6,836",1,(D)
New_York,Nassau,-,-,-,-
New_York,NewYork,-,-,-,-
New_York,Niagara,5,"7,569",-,-
New_York,Oneida,10,"11,768",-,-
New_York,Onondaga,16,"18,592",-,-
New_York,Ontario,13,"18,867",1,(D)
New_York,Orange,-,-,-,-
New_York,Orleans,2,(D),-,-
New_York,Oswego,1,(D),-,-
New_York,Otsego,1,(D),-,-
New_York,Putnam,-,-,-,-
New_York,Queens,-,-,-,-
New_York,Rensselaer,2,(D),-,-
New_York,Richmond,-,-,-,-
New_York,Rockland,-,-,-,-
New_York,St.Lawrence,18,"29,582",-,-
New_York,Saratoga,8,"6,951",-,-
New_York,Schenectady,-,-,-,-
New_York,Schoharie,3,"1,500",-,-
New_York,Schuyler,3,"4,737",-,-
New_York,Seneca,-,-,-,-
New_York,Steuben,14,"15,069",2,(D)
New_York,Suffolk,-,-,-,-
New_York,Sullivan,-,-,-,-
New_York,Tioga,1,(D),-,-
New_York,Tompkins,4,"5,090",-,-
New_York,Ulster,-,-,-,-
New_York,Warren,-,-,-,-
New_York,Washington,20,"21,958",-,-
New_York,Wayne,4,"6,877",-,-
New_York,Westchester,-,-,-,-
New_York,Wyoming,26,"34,787",-,-
New_York,Yates,1,(D),-,-
North_Carolina,NorthCarolina,18,"23,498",4,"2,000"
North_Carolina,Alamance,-,-,-,-
North_Carolina,Alexander,-,-,-,-
North_Carolina,Alleghany,-,-,-,-
North_Carolina,Anson,1,(D),-,-
North_Carolina,Ashe,-,-,-,-
North_Carolina,Avery,-,-,-,-
North_Carolina,Beaufort,-,-,-,-
North_Carolina,Bertie,-,-,-,-
North_Carolina,Bladen,-,-,-,-
North_Carolina,Brunswick,-,-,-,-
North_Carolina,Buncombe,-,-,-,-
North_Carolina,Burke,-,-,-,-
North_Carolina,Cabarrus,-,-,-,-
North_Carolina,Caldwell,-,-,-,-
North_Carolina,Camden,-,-,-,-
North_Carolina,Carteret,-,-,-,-
North_Carolina,Caswell,-,-,-,-
North_Carolina,Catawba,-,-,-,-
North_Carolina,Chatham,-,-,-,-
North_Carolina,Cherokee,-,-,-,-
North_Carolina,Chowan,-,-,-,-
North_Carolina,Clay,-,-,-,-
North_Carolina,Cleveland,-,-,-,-
North_Carolina,Columbus,-,-,-,-
North_Carolina,Craven,-,-,-,-
North_Carolina,Cumberland,-,-,-,-
North_Carolina,Currituck,-,-,-,-
North_Carolina,Dare,-,-,-,-
North_Carolina,Davidson,1,(D),-,-
North_Carolina,Davie,-,-,-,-
North_Carolina,Duplin,-,-,-,-
North_Carolina,Durham,-,-,-,-
North_Carolina,Edgecombe,-,-,-,-
North_Carolina,Forsyth,-,-,-,-
North_Carolina,Franklin,-,-,-,-
North_Carolina,Gaston,1,(D),-,-
North_Carolina,Gates,-,-,-,-
North_Carolina,Graham,-,-,-,-
North_Carolina,Granville,-,-,-,-
North_Carolina,Greene,-,-,-,-
North_Carolina,Guilford,-,-,-,-
North_Carolina,Halifax,-,-,-,-
North_Carolina,Harnett,-,-,-,-
North_Carolina,Haywood,-,-,-,-
North_Carolina,Henderson,-,-,-,-
North_Carolina,Hertford,-,-,-,-
North_Carolina,Hoke,-,-,-,-
North_Carolina,Hyde,-,-,-,-
North_Carolina,Iredell,8,"9,188",-,-
North_Carolina,Jackson,-,-,-,-
North_Carolina,Johnston,-,-,-,-
North_Carolina,Jones,-,-,-,-
North_Carolina,Lee,-,-,-,-
North_Carolina,Lenoir,-,-,-,-
North_Carolina,Lincoln,2,(D),-,-
North_Carolina,McDowell,-,-,-,-
North_Carolina,Macon,-,-,-,-
North_Carolina,Madison,-,-,-,-
North_Carolina,Martin,-,-,-,-
North_Carolina,Mecklenburg,-,-,-,-
North_Carolina,Mitchell,-,-,-,-
North_Carolina,Montgomery,-,-,-,-
North_Carolina,Moore,-,-,-,-
North_Carolina,Nash,-,-,-,-
North_Carolina,NewHanover,-,-,-,-
North_Carolina,Northampton,-,-,-,-
North_Carolina,Onslow,-,-,-,-
North_Carolina,Orange,-,-,-,-
North_Carolina,Pamlico,-,-,-,-
North_Carolina,Pasquotank,-,-,-,-
North_Carolina,Pender,-,-,-,-
North_Carolina,Perquimans,-,-,-,-
North_Carolina,Person,-,-,-,-
North_Carolina,Pitt,-,-,-,-
North_Carolina,Polk,-,-,-,-
North_Carolina,Randolph,3,(D),-,-
North_Carolina,Richmond,-,-,-,-
North_Carolina,Robeson,-,-,-,-
North_Carolina,Rockingham,-,-,-,-
North_Carolina,Rowan,-,-,-,-
North_Carolina,Rutherford,-,-,-,-
North_Carolina,Sampson,1,(D),-,-
North_Carolina,Scotland,-,-,-,-
North_Carolina,Stanly,-,-,-,-
North_Carolina,Stokes,-,-,-,-
North_Carolina,Surry,-,-,-,-
North_Carolina,Swain,-,-,-,-
North_Carolina,Transylvania,-,-,-,-
North_Carolina,Tyrrell,-,-,-,-
North_Carolina,Union,-,-,-,-
North_Carolina,Vance,-,-,-,-
North_Carolina,Wake,-,-,-,-
North_Carolina,Warren,-,-,-,-
North_Carolina,Washington,-,-,-,-
North_Carolina,Watauga,-,-,-,-
North_Carolina,Wayne,-,-,-,-
North_Carolina,Wilkes,-,-,4,"2,000"
North_Carolina,Wilson,-,-,-,-
North_Carolina,Yadkin,1,(D),-,-
North_Carolina,Yancey,-,-,-,-
North_Dakota,NorthDakota,8,"9,307",27,"47,246"
North_Dakota,Adams,-,-,-,-
North_Dakota,Barnes,-,-,-,-
North_Dakota,Benson,-,-,-,-
North_Dakota,Billings,-,-,-,-
North_Dakota,Bottineau,-,-,-,-
North_Dakota,Bowman,-,-,1,(D)
North_Dakota,Burke,-,-,-,-
North_Dakota,Burleigh,-,-,1,(D)
North_Dakota,Cass,-,-,-,-
North_Dakota,Cavalier,-,-,-,-
North_Dakota,Dickey,-,-,3,"5,400"
North_Dakota,Divide,-,-,-,-
North_Dakota,Dunn,-,-,-,-
North_Dakota,Eddy,-,-,-,-
North_Dakota,Emmons,-,-,-,-
North_Dakota,Foster,1,(D),-,-
North_Dakota,GoldenValley,-,-,1,(D)
North_Dakota,GrandForks,-,-,-,-
North_Dakota,Grant,-,-,-,-
North_Dakota,Griggs,-,-,-,-
North_Dakota,Hettinger,-,-,-,-
North_Dakota,Kidder,-,-,3,"3,600"
North_Dakota,LaMoure,-,-,-,-
North_Dakota,Logan,-,-,1,(D)
North_Dakota,McHenry,1,(D),1,(D)
North_Dakota,McIntosh,1,(D),-,-
North_Dakota,McKenzie,-,-,-,-
North_Dakota,McLean,-,-,-,-
North_Dakota,Mercer,-,-,-,-
North_Dakota,Morton,1,(D),2,(D)
North_Dakota,Mountrail,-,-,-,-
North_Dakota,Nelson,1,(D),-,-
North_Dakota,Oliver,-,-,3,(D)
North_Dakota,Pembina,-,-,-,-
North_Dakota,Pierce,-,-,-,-
North_Dakota,Ramsey,-,-,-,-
North_Dakota,Ransom,1,(D),1,(D)
North_Dakota,Renville,-,-,-,-
North_Dakota,Richland,-,-,3,"3,030"
North_Dakota,Rolette,-,-,-,-
North_Dakota,Sargent,1,(D),3,"1,500"
North_Dakota,Sheridan,-,-,-,-
North_Dakota,Sioux,-,-,-,-
North_Dakota,Slope,-,-,-,-
North_Dakota,Stark,-,-,-,-
North_Dakota,Steele,-,-,-,-
North_Dakota,Stutsman,1,(D),2,(D)
North_Dakota,Towner,-,-,-,-
North_Dakota,Traill,-,-,2,(D)
North_Dakota,Walsh,-,-,-,-
North_Dakota,Ward,-,-,-,-
North_Dakota,Wells,-,-,-,-
North_Dakota,Williams,-,-,-,-
Ohio,Ohio,85,"122,209",101,"87,059"
Ohio,Adams,-,-,-,-
Ohio,Allen,-,-,-,-
Ohio,Ashland,6,"5,913",-,-
Ohio,Ashtabula,1,(D),-,-
Ohio,Athens,-,-,-,-
Ohio,Auglaize,-,-,5,"7,150"
Ohio,Belmont,-,-,-,-
Ohio,Brown,-,-,-,-
Ohio,Butler,-,-,-,-
Ohio,Carroll,-,-,-,-
Ohio,Champaign,-,-,-,-
Ohio,Clark,2,(D),3,"1,725"
Ohio,Clermont,-,-,-,-
Ohio,Clinton,-,-,-,-
Ohio,Columbiana,2,(D),1,(D)
Ohio,Coshocton,-,-,-,-
Ohio,Crawford,1,(D),2,(D)
Ohio,Cuyahoga,-,-,-,-
Ohio,Darke,2,(D),10,"6,740"
Ohio,Defiance,2,(D),-,-
Ohio,Delaware,-,-,-,-
Ohio,Erie,-,-,3,"1,704"
Ohio,Fairfield,-,-,-,-
Ohio,Fayette,1,(D),-,-
Ohio,Franklin,-,-,-,-
Ohio,Fulton,2,(D),4,"6,010"
Ohio,Gallia,-,-,-,-
Ohio,Geauga,3,"1,745",-,-
Ohio,Greene,-,-,-,-
Ohio,Guernsey,-,-,-,-
Ohio,Hamilton,-,-,-,-
Ohio,Hancock,-,-,-,-
Ohio,Hardin,2,(D),3,"1,650"
Ohio,Harrison,-,-,-,-
Ohio,Henry,1,(D),-,-
Ohio,Highland,-,-,3,"2,400"
Ohio,Hocking,-,-,-,-
Ohio,Holmes,3,"1,913",1,(D)
Ohio,Huron,2,(D),3,"3,030"
Ohio,Jackson,-,-,-,-
Ohio,Jefferson,-,-,-,-
Ohio,Knox,1,(D),-,-
Ohio,Lake,-,-,-,-
Ohio,Lawrence,-,-,-,-
Ohio,Licking,2,(D),3,"2,571"
Ohio,Logan,1,(D),-,-
Ohio,Lorain,-,-,-,-
Ohio,Lucas,-,-,-,-
Ohio,Madison,4,"7,654",-,-
Ohio,Mahoning,2,(D),-,-
Ohio,Marion,1,(D),-,-
Ohio,Medina,1,(D),-,-
Ohio,Meigs,-,-,-,-
Ohio,Mercer,3,"7,428",21,"18,568"
Ohio,Miami,-,-,-,-
Ohio,Monroe,-,-,-,-
Ohio,Montgomery,-,-,5,"3,880"
Ohio,Morgan,-,-,1,(D)
Ohio,Morrow,1,(D),-,-
Ohio,Muskingum,-,-,-,-
Ohio,Noble,-,-,-,-
Ohio,Ottawa,-,-,3,(D)
Ohio,Paulding,2,(D),-,-
Ohio,Perry,-,-,-,-
Ohio,Pickaway,3,"3,890",-,-
Ohio,Pike,-,-,-,-
Ohio,Portage,1,(D),-,-
Ohio,Preble,-,-,9,"6,294"
Ohio,Putnam,2,(D),1,(D)
Ohio,Richland,-,-,1,(D)
Ohio,Ross,-,-,-,-
Ohio,Sandusky,-,-,-,-
Ohio,Scioto,-,-,-,-
Ohio,Seneca,-,-,-,-
Ohio,Shelby,1,(D),6,"7,572"
Ohio,Stark,2,(D),-,-
Ohio,Summit,-,-,-,-
Ohio,Trumbull,-,-,3,"2,220"
Ohio,Tuscarawas,5,"3,990",-,-
Ohio,Union,1,(D),3,"1,750"
Ohio,VanWert,3,"5,887",3,"1,950"
Ohio,Vinton,-,-,-,-
Ohio,Warren,-,-,-,-
Ohio,Washington,1,(D),3,"1,800"
Ohio,Wayne,13,"12,609",-,-
Ohio,Williams,2,(D),1,(D)
Ohio,Wood,2,(D),-,-
Ohio,Wyandot,1,(D),-,-
Oklahoma,Oklahoma,7,"29,028",18,"272,185"
Oklahoma,Adair,-,-,-,-
Oklahoma,Alfalfa,-,-,1,(D)
Oklahoma,Atoka,-,-,-,-
Oklahoma,Beaver,-,-,-,-
Oklahoma,Beckham,-,-,-,-
Oklahoma,Blaine,-,-,2,(D)
Oklahoma,Bryan,-,-,-,-
Oklahoma,Caddo,-,-,-,-
Oklahoma,Canadian,1,(D),-,-
Oklahoma,Carter,-,-,-,-
Oklahoma,Cherokee,-,-,-,-
Oklahoma,Choctaw,-,-,-,-
Oklahoma,Cimarron,1,(D),2,(D)
Oklahoma,Cleveland,-,-,-,-
Oklahoma,Coal,-,-,-,-
Oklahoma,Comanche,-,-,-,-
Oklahoma,Cotton,-,-,-,-
Oklahoma,Craig,-,-,-,-
Oklahoma,Creek,-,-,-,-
Oklahoma,Custer,-,-,-,-
Oklahoma,Delaware,-,-,-,-
Oklahoma,Dewey,-,-,-,-
Oklahoma,Ellis,-,-,2,(D)
Oklahoma,Garfield,-,-,-,-
Oklahoma,Garvin,-,-,-,-
Oklahoma,Grady,1,(D),-,-
Oklahoma,Grant,-,-,-,-
Oklahoma,Greer,-,-,-,-
Oklahoma,Harmon,-,-,-,-
Oklahoma,Harper,1,(D),2,(D)
Oklahoma,Haskell,-,-,-,-
Oklahoma,Hughes,-,-,-,-
Oklahoma,Jackson,-,-,-,-
Oklahoma,Jefferson,-,-,-,-
Oklahoma,Johnston,-,-,-,-
Oklahoma,Kay,-,-,-,-
Oklahoma,Kingfisher,-,-,-,-
Oklahoma,Kiowa,-,-,1,(D)
Oklahoma,Latimer,-,-,-,-
Oklahoma,LeFlore,-,-,-,-
Oklahoma,Lincoln,-,-,-,-
Oklahoma,Logan,-,-,-,-
Oklahoma,Love,-,-,-,-
Oklahoma,McClain,-,-,-,-
Oklahoma,McCurtain,-,-,1,(D)
Oklahoma,McIntosh,-,-,-,-
Oklahoma,Major,-,-,-,-
Oklahoma,Marshall,-,-,-,-
Oklahoma,Mayes,-,-,-,-
Oklahoma,Murray,-,-,-,-
Oklahoma,Muskogee,-,-,-,-
Oklahoma,Noble,-,-,-,-
Oklahoma,Nowata,-,-,-,-
Oklahoma,Okfuskee,-,-,-,-
Oklahoma,Oklahoma,-,-,-,-
Oklahoma,Okmulgee,-,-,-,-
Oklahoma,Osage,-,-,-,-
Oklahoma,Ottawa,-,-,-,-
Oklahoma,Pawnee,-,-,-,-
Oklahoma,Payne,-,-,-,-
Oklahoma,Pittsburg,-,-,-,-
Oklahoma,Pontotoc,-,-,-,-
Oklahoma,Pottawatomie,-,-,-,-
Oklahoma,Pushmataha,-,-,-,-
Oklahoma,RogerMills,-,-,-,-
Oklahoma,Rogers,-,-,-,-
Oklahoma,Seminole,-,-,-,-
Oklahoma,Sequoyah,-,-,-,-
Oklahoma,Stephens,-,-,-,-
Oklahoma,Texas,-,-,5,"133,657"
Oklahoma,Tillman,3,"7,200",-,-
Oklahoma,Tulsa,-,-,-,-
Oklahoma,Wagoner,-,-,-,-
Oklahoma,Washington,-,-,-,-
Oklahoma,Washita,-,-,1,(D)
Oklahoma,Woods,-,-,1,(D)
Oklahoma,Woodward,-,-,-,-
Oregon,Oregon,48,"98,023",10,"133,939"
Oregon,Baker,-,-,-,-
Oregon,Benton,1,(D),-,-
Oregon,Clackamas,-,-,-,-
Oregon,Clatsop,1,(D),-,-
Oregon,Columbia,-,-,-,-
Oregon,Coos,2,(D),-,-
Oregon,Crook,-,-,-,-
Oregon,Curry,-,-,-,-
Oregon,Deschutes,-,-,-,-
Oregon,Douglas,-,-,-,-
Oregon,Gilliam,-,-,-,-
Oregon,Grant,-,-,-,-
Oregon,Harney,-,-,-,-
Oregon,HoodRiver,-,-,-,-
Oregon,Jackson,-,-,-,-
Oregon,Jefferson,-,-,-,-
Oregon,Josephine,1,(D),-,-
Oregon,Klamath,3,"4,309",-,-
Oregon,Lake,-,-,-,-
Oregon,Lane,1,(D),-,-
Oregon,Lincoln,-,-,-,-
Oregon,Linn,2,(D),-,-
Oregon,Malheur,2,(D),6,"51,873"
Oregon,Marion,5,"7,563",-,-
Oregon,Morrow,3,(D),1,(D)
Oregon,Multnomah,-,-,-,-
Oregon,Polk,4,"5,054",-,-
Oregon,Sherman,-,-,-,-
Oregon,Tillamook,18,"15,450",-,-
Oregon,Umatilla,1,(D),2,(D)
Oregon,Union,-,-,-,-
Oregon,Wallowa,-,-,1,(D)
Oregon,Wasco,-,-,-,-
Oregon,Washington,1,(D),-,-
Oregon,Wheeler,-,-,-,-
Oregon,Yamhill,3,"6,370",-,-
Pennsylvania,Pennsylvania,96,"99,672",20,"17,880"
Pennsylvania,Adams,2,(D),1,(D)
Pennsylvania,Allegheny,-,-,-,-
Pennsylvania,Armstrong,1,(D),-,-
Pennsylvania,Beaver,-,-,-,-
Pennsylvania,Bedford,-,-,-,-
Pennsylvania,Berks,2,(D),-,-
Pennsylvania,Blair,5,"9,750",-,-
Pennsylvania,Bradford,4,"3,529",-,-
Pennsylvania,Bucks,-,-,-,-
Pennsylvania,Butler,-,-,-,-
Pennsylvania,Cambria,1,(D),-,-
Pennsylvania,Cameron,-,-,-,-
Pennsylvania,Carbon,-,-,-,-
Pennsylvania,Centre,2,(D),-,-
Pennsylvania,Chester,4,"3,686",-,-
Pennsylvania,Clarion,-,-,-,-
Pennsylvania,Clearfield,-,-,-,-
Pennsylvania,Clinton,2,(D),1,(D)
Pennsylvania,Columbia,-,-,-,-
Pennsylvania,Crawford,2,(D),-,-
Pennsylvania,Cumberland,6,"6,220",2,(D)
Pennsylvania,Dauphin,-,-,-,-
Pennsylvania,Delaware,-,-,-,-
Pennsylvania,Elk,-,-,-,-
Pennsylvania,Erie,1,(D),-,-
Pennsylvania,Fayette,-,-,-,-
Pennsylvania,Forest,-,-,-,-
Pennsylvania,Franklin,11,"12,388",1,(D)
Pennsylvania,Fulton,1,(D),-,-
Pennsylvania,Greene,-,-,-,-
Pennsylvania,Huntingdon,5,"7,169",-,-
Pennsylvania,Indiana,1,(D),-,-
Pennsylvania,Jefferson,-,-,1,(D)
Pennsylvania,Juniata,4,"3,125",-,-
Pennsylvania,Lackawanna,-,-,-,-
Pennsylvania,Lancaster,20,"20,432",5,"6,070"
Pennsylvania,Lawrence,1,(D),-,-
Pennsylvania,Lebanon,3,"1,965",-,-
Pennsylvania,Lehigh,-,-,-,-
Pennsylvania,Luzerne,-,-,-,-
Pennsylvania,Lycoming,-,-,-,-
Pennsylvania,McKean,-,-,-,-
Pennsylvania,Mercer,1,(D),-,-
Pennsylvania,Mifflin,3,"1,965",-,-
Pennsylvania,Monroe,-,-,-,-
Pennsylvania,Montgomery,-,-,-,-
Pennsylvania,Montour,-,-,-,-
Pennsylvania,Northampton,-,-,-,-
Pennsylvania,Northumberland,-,-,1,(D)
Pennsylvania,Perry,3,"2,837",-,-
Pennsylvania,Philadelphia,-,-,-,-
Pennsylvania,Pike,-,-,-,-
Pennsylvania,Potter,3,"2,660",-,-
Pennsylvania,Schuylkill,-,-,-,-
Pennsylvania,Snyder,-,-,-,-
Pennsylvania,Somerset,5,"3,473",-,-
Pennsylvania,Sullivan,-,-,-,-
Pennsylvania,Susquehanna,-,-,-,-
Pennsylvania,Tioga,1,(D),-,-
Pennsylvania,Union,1,(D),-,-
Pennsylvania,Venango,-,-,-,-
Pennsylvania,Warren,1,(D),-,-
Pennsylvania,Washington,-,-,-,-
Pennsylvania,Wayne,-,-,-,-
Pennsylvania,Westmoreland,-,-,1,(D)
Pennsylvania,Wyoming,-,-,-,-
Pennsylvania,York,-,-,7,"5,654"
Rhode_Island,RhodeIsland,-,-,-,-
Rhode_Island,Bristol,-,-,-,-
Rhode_Island,Kent,-,-,-,-
Rhode_Island,Newport,-,-,-,-
Rhode_Island,Providence,-,-,-,-
Rhode_Island,Washington,-,-,-,-
South_Carolina,SouthCarolina,4,"4,100",-,-
South_Carolina,Abbeville,-,-,-,-
South_Carolina,Aiken,-,-,-,-
South_Carolina,Allendale,-,-,-,-
South_Carolina,Anderson,-,-,-,-
South_Carolina,Bamberg,1,(D),-,-
South_Carolina,Barnwell,-,-,-,-
South_Carolina,Beaufort,-,-,-,-
South_Carolina,Berkeley,-,-,-,-
South_Carolina,Calhoun,-,-,-,-
South_Carolina,Charleston,-,-,-,-
South_Carolina,Cherokee,-,-,-,-
South_Carolina,Chester,1,(D),-,-
South_Carolina,Chesterfield,-,-,-,-
South_Carolina,Clarendon,-,-,-,-
South_Carolina,Colleton,-,-,-,-
South_Carolina,Darlington,-,-,-,-
South_Carolina,Dillon,-,-,-,-
South_Carolina,Dorchester,-,-,-,-
South_Carolina,Edgefield,-,-,-,-
South_Carolina,Fairfield,-,-,-,-
South_Carolina,Florence,-,-,-,-
South_Carolina,Georgetown,-,-,-,-
South_Carolina,Greenville,-,-,-,-
South_Carolina,Greenwood,-,-,-,-
South_Carolina,Hampton,-,-,-,-
South_Carolina,Horry,-,-,-,-
South_Carolina,Jasper,-,-,-,-
South_Carolina,Kershaw,-,-,-,-
South_Carolina,Lancaster,-,-,-,-
South_Carolina,Laurens,-,-,-,-
South_Carolina,Lee,-,-,-,-
South_Carolina,Lexington,-,-,-,-
South_Carolina,McCormick,-,-,-,-
South_Carolina,Marion,-,-,-,-
South_Carolina,Marlboro,-,-,-,-
South_Carolina,Newberry,1,(D),-,-
South_Carolina,Oconee,-,-,-,-
South_Carolina,Orangeburg,1,(D),-,-
South_Carolina,Pickens,-,-,-,-
South_Carolina,Richland,-,-,-,-
South_Carolina,Saluda,-,-,-,-
South_Carolina,Spartanburg,-,-,-,-
South_Carolina,Sumter,-,-,-,-
South_Carolina,Union,-,-,-,-
South_Carolina,Williamsburg,-,-,-,-
South_Carolina,York,-,-,-,-
South_Dakota,SouthDakota,52,"176,145",222,"350,559"
South_Dakota,Aurora,-,-,6,"5,270"
South_Dakota,Beadle,1,(D),5,"6,244"
South_Dakota,Bennett,-,-,-,-
South_Dakota,BonHomme,-,-,11,"17,809"
South_Dakota,Brookings,8,"18,933",14,"19,494"
South_Dakota,Brown,1,(D),4,"7,569"
South_Dakota,Brule,1,(D),11,"12,971"
South_Dakota,Buffalo,-,-,5,(D)
South_Dakota,Butte,-,-,-,-
South_Dakota,Campbell,-,-,1,(D)
South_Dakota,CharlesMix,-,-,8,"11,260"
South_Dakota,Clark,2,(D),2,(D)
South_Dakota,Clay,-,-,-,-
South_Dakota,Codington,2,(D),5,"11,006"
South_Dakota,Corson,-,-,2,(D)
South_Dakota,Custer,-,-,-,-
South_Dakota,Davison,-,-,-,-
South_Dakota,Day,1,(D),-,-
South_Dakota,Deuel,5,(D),11,"13,446"
South_Dakota,Dewey,-,-,-,-
South_Dakota,Douglas,-,-,6,"9,482"
South_Dakota,Edmunds,-,-,2,(D)
South_Dakota,FallRiver,-,-,1,(D)
South_Dakota,Faulk,-,-,-,-
South_Dakota,Grant,5,"17,754",13,"12,400"
South_Dakota,Gregory,-,-,1,(D)
South_Dakota,Haakon,-,-,1,(D)
South_Dakota,Hamlin,4,(D),2,(D)
South_Dakota,Hand,-,-,3,"7,544"
South_Dakota,Hanson,-,-,-,-
South_Dakota,Harding,-,-,-,-
South_Dakota,Hughes,-,-,-,-
South_Dakota,Hutchinson,1,(D),9,"9,120"
South_Dakota,Hyde,-,-,1,(D)
South_Dakota,Jackson,-,-,-,-
South_Dakota,Jerauld,-,-,5,"8,773"
South_Dakota,Jones,-,-,-,-
South_Dakota,Kingsbury,1,(D),3,"5,300"
South_Dakota,Lake,2,(D),3,"4,019"
South_Dakota,Lawrence,-,-,-,-
South_Dakota,Lincoln,1,(D),9,"6,323"
South_Dakota,Lyman,-,-,-,-
South_Dakota,McCook,1,(D),1,(D)
South_Dakota,McPherson,-,-,7,"7,967"
South_Dakota,Marshall,1,(D),5,"9,632"
South_Dakota,Meade,-,-,-,-
South_Dakota,Mellette,-,-,-,-
South_Dakota,Miner,-,-,2,(D)
South_Dakota,Minnehaha,4,"17,586",6,"7,969"
South_Dakota,Moody,5,"18,060",7,"8,522"
South_Dakota,OglalaLakota,-,-,-,-
South_Dakota,Pennington,-,-,-,-
South_Dakota,Perkins,-,-,1,(D)
South_Dakota,Potter,-,-,-,-
South_Dakota,Roberts,1,(D),1,(D)
South_Dakota,Sanborn,-,-,3,"8,492"
South_Dakota,Spink,-,-,18,"22,546"
South_Dakota,Stanley,-,-,-,-
South_Dakota,Sully,-,-,1,(D)
South_Dakota,Todd,-,-,-,-
South_Dakota,Tripp,-,-,12,"25,611"
South_Dakota,Turner,5,"15,420",4,"8,758"
South_Dakota,Union,-,-,3,"8,668"
South_Dakota,Walworth,-,-,-,-
South_Dakota,Yankton,-,-,6,"7,794"
South_Dakota,Ziebach,-,-,1,(D)
Tennessee,Tennessee,9,"8,067",4,"5,900"
Tennessee,Anderson,-,-,-,-
Tennessee,Bedford,1,(D),-,-
Tennessee,Benton,-,-,-,-
Tennessee,Bledsoe,-,-,-,-
Tennessee,Blount,-,-,3,(D)
Tennessee,Bradley,-,-,-,-
Tennessee,Campbell,-,-,-,-
Tennessee,Cannon,-,-,-,-
Tennessee,Carroll,-,-,-,-
Tennessee,Carter,-,-,-,-
Tennessee,Cheatham,-,-,-,-
Tennessee,Chester,-,-,-,-
Tennessee,Claiborne,-,-,-,-
Tennessee,Clay,-,-,-,-
Tennessee,Cocke,-,-,-,-
Tennessee,Coffee,-,-,-,-
Tennessee,Crockett,-,-,-,-
Tennessee,Cumberland,-,-,-,-
Tennessee,Davidson,-,-,-,-
Tennessee,Decatur,-,-,-,-
Tennessee,DeKalb,-,-,-,-
Tennessee,Dickson,-,-,-,-
Tennessee,Dyer,-,-,-,-
Tennessee,Fayette,-,-,-,-
Tennessee,Fentress,-,-,-,-
Tennessee,Franklin,-,-,-,-
Tennessee,Gibson,-,-,-,-
Tennessee,Giles,-,-,-,-
Tennessee,Grainger,-,-,-,-
Tennessee,Greene,-,-,-,-
Tennessee,Grundy,-,-,-,-
Tennessee,Hamblen,-,-,-,-
Tennessee,Hamilton,-,-,-,-
Tennessee,Hancock,-,-,-,-
Tennessee,Hardeman,-,-,-,-
Tennessee,Hardin,-,-,-,-
Tennessee,Hawkins,-,-,-,-
Tennessee,Haywood,-,-,-,-
Tennessee,Henderson,-,-,-,-
Tennessee,Henry,-,-,-,-
Tennessee,Hickman,-,-,-,-
Tennessee,Houston,-,-,-,-
Tennessee,Humphreys,-,-,-,-
Tennessee,Jackson,-,-,-,-
Tennessee,Jefferson,-,-,-,-
Tennessee,Johnson,-,-,-,-
Tennessee,Knox,-,-,-,-
Tennessee,Lake,-,-,-,-
Tennessee,Lauderdale,-,-,-,-
Tennessee,Lawrence,-,-,-,-
Tennessee,Lewis,-,-,-,-
Tennessee,Lincoln,-,-,-,-
Tennessee,Loudon,1,(D),-,-
Tennessee,McMinn,2,(D),-,-
Tennessee,McNairy,-,-,-,-
Tennessee,Macon,-,-,-,-
Tennessee,Madison,-,-,-,-
Tennessee,Marion,-,-,-,-
Tennessee,Marshall,-,-,-,-
Tennessee,Maury,1,(D),-,-
Tennessee,Meigs,-,-,-,-
Tennessee,Monroe,1,(D),-,-
Tennessee,Montgomery,-,-,-,-
Tennessee,Moore,-,-,-,-
Tennessee,Morgan,-,-,-,-
Tennessee,Obion,-,-,-,-
Tennessee,Overton,-,-,-,-
Tennessee,Perry,-,-,-,-
Tennessee,Pickett,-,-,-,-
Tennessee,Polk,1,(D),-,-
Tennessee,Putnam,-,-,-,-
Tennessee,Rhea,-,-,-,-
Tennessee,Roane,-,-,-,-
Tennessee,Robertson,-,-,-,-
Tennessee,Rutherford,-,-,-,-
Tennessee,Scott,-,-,-,-
Tennessee,Sequatchie,-,-,-,-
Tennessee,Sevier,-,-,-,-
Tennessee,Shelby,-,-,-,-
Tennessee,Smith,-,-,-,-
Tennessee,Stewart,-,-,-,-
Tennessee,Sullivan,-,-,-,-
Tennessee,Sumner,-,-,-,-
Tennessee,Tipton,-,-,-,-
Tennessee,Trousdale,-,-,-,-
Tennessee,Unicoi,-,-,-,-
Tennessee,Union,-,-,-,-
Tennessee,VanBuren,-,-,-,-
Tennessee,Warren,-,-,-,-
Tennessee,Washington,-,-,-,-
Tennessee,Wayne,-,-,-,-
Tennessee,Weakley,-,-,-,-
Tennessee,White,2,(D),-,-
Tennessee,Williamson,-,-,1,(D)
Tennessee,Wilson,-,-,-,-
Texas,Texas,190,"610,815",144,"2,802,052"
Texas,Anderson,-,-,-,-
Texas,Andrews,-,-,-,-
Texas,Angelina,-,-,-,-
Texas,Aransas,-,-,-,-
Texas,Archer,4,"4,700",-,-
Texas,Armstrong,1,(D),-,-
Texas,Atascosa,-,-,-,-
Texas,Austin,-,-,-,-
Texas,Bailey,7,"26,730",3,(D)
Texas,Bandera,-,-,-,-
Texas,Bastrop,-,-,1,(D)
Texas,Baylor,-,-,-,-
Texas,Bee,-,-,-,-
Texas,Bell,-,-,-,-
Texas,Bexar,-,-,-,-
Texas,Blanco,-,-,-,-
Texas,Borden,1,(D),-,-
Texas,Bosque,-,-,-,-
Texas,Bowie,2,(D),-,-
Texas,Brazoria,-,-,-,-
Texas,Brazos,-,-,-,-
Texas,Brewster,-,-,-,-
Texas,Briscoe,-,-,-,-
Texas,Brooks,-,-,1,(D)
Texas,Brown,2,(D),-,-
Texas,Burleson,-,-,2,(D)
Texas,Burnet,1,(D),-,-
Texas,Caldwell,-,-,-,-
Texas,Calhoun,-,-,-,-
Texas,Callahan,-,-,-,-
Texas,Cameron,-,-,-,-
Texas,Camp,-,-,-,-
Texas,Carson,-,-,-,-
Texas,Cass,-,-,-,-
Texas,Castro,11,"68,107",10,"313,675"
Texas,Chambers,-,-,-,-
Texas,Cherokee,-,-,-,-
Texas,Childress,-,-,-,-
Texas,Clay,1,(D),1,(D)
Texas,Cochran,-,-,-,-
Texas,Coke,-,-,-,-
Texas,Coleman,-,-,-,-
Texas,Collin,-,-,1,(D)
Texas,Collingsworth,-,-,-,-
Texas,Colorado,-,-,-,-
Texas,Comal,-,-,-,-
Texas,Comanche,11,"30,017",-,-
Texas,Concho,-,-,-,-
Texas,Cooke,-,-,6,(D)
Texas,Coryell,-,-,1,(D)
Texas,Cottle,-,-,5,"2,750"
Texas,Crane,-,-,-,-
Texas,Crockett,-,-,-,-
Texas,Crosby,-,-,-,-
Texas,Culberson,-,-,-,-
Texas,Dallam,7,"23,186",5,"152,503"
Texas,Dallas,-,-,-,-
Texas,Dawson,-,-,-,-
Texas,DeafSmith,7,"52,135",20,(D)
Texas,Delta,-,-,-,-
Texas,Denton,-,-,-,-
Texas,DeWitt,-,-,-,-
Texas,Dickens,-,-,-,-
Texas,Dimmit,-,-,-,-
Texas,Donley,-,-,1,(D)
Texas,Duval,-,-,-,-
Texas,Eastland,-,-,-,-
Texas,Ector,-,-,-,-
Texas,Edwards,-,-,-,-
Texas,Ellis,-,-,-,-
Texas,ElPaso,-,-,-,-
Texas,Erath,35,"53,665",1,(D)
Texas,Falls,-,-,-,-
Texas,Fannin,-,-,3,"1,500"
Texas,Fayette,-,-,-,-
Texas,Fisher,-,-,-,-
Texas,Floyd,-,-,1,(D)
Texas,Foard,-,-,-,-
Texas,FortBend,-,-,-,-
Texas,Franklin,4,"4,150",-,-
Texas,Freestone,-,-,-,-
Texas,Frio,-,-,1,(D)
Texas,Gaines,1,(D),-,-
Texas,Galveston,-,-,-,-
Texas,Garza,-,-,-,-
Texas,Gillespie,-,-,-,-
Texas,Glasscock,-,-,-,-
Texas,Goliad,-,-,-,-
Texas,Gonzales,-,-,2,(D)
Texas,Gray,4,"9,154",1,(D)
Texas,Grayson,-,-,-,-
Texas,Gregg,-,-,-,-
Texas,Grimes,-,-,-,-
Texas,Guadalupe,-,-,-,-
Texas,Hale,5,(D),1,(D)
Texas,Hall,-,-,-,-
Texas,Hamilton,4,(D),2,(D)
Texas,Hansford,-,-,7,"244,676"
Texas,Hardeman,1,(D),-,-
Texas,Hardin,-,-,-,-
Texas,Harris,-,-,-,-
Texas,Harrison,-,-,-,-
Texas,Hartley,10,"92,475",4,(D)
Texas,Haskell,-,-,-,-
Texas,Hays,-,-,-,-
Texas,Hemphill,-,-,1,(D)
Texas,Henderson,-,-,-,-
Texas,Hidalgo,-,-,1,(D)
Texas,Hill,1,(D),-,-
Texas,Hockley,-,-,-,-
Texas,Hood,-,-,-,-
Texas,Hopkins,9,"12,000",-,-
Texas,Houston,-,-,-,-
Texas,Howard,-,-,-,-
Texas,Hudspeth,1,(D),-,-
Texas,Hunt,-,-,-,-
Texas,Hutchinson,-,-,-,-
Texas,Irion,-,-,-,-
Texas,Jack,-,-,-,-
Texas,Jackson,-,-,-,-
Texas,Jasper,-,-,-,-
Texas,JeffDavis,-,-,-,-
Texas,Jefferson,-,-,-,-
Texas,JimHogg,-,-,-,-
Texas,JimWells,-,-,1,(D)
Texas,Johnson,-,-,-,-
Texas,Jones,-,-,-,-
Texas,Karnes,-,-,-,-
Texas,Kaufman,-,-,-,-
Texas,Kendall,-,-,-,-
Texas,Kenedy,-,-,-,-
Texas,Kent,-,-,-,-
Texas,Kerr,-,-,-,-
Texas,Kimble,-,-,-,-
Texas,King,-,-,-,-
Texas,Kinney,-,-,-,-
Texas,Kleberg,-,-,1,(D)
Texas,Knox,-,-,-,-
Texas,Lamar,-,-,-,-
Texas,Lamb,6,"25,190",2,(D)
Texas,Lampasas,1,(D),-,-
Texas,LaSalle,-,-,-,-
Texas,Lavaca,6,(D),-,-
Texas,Lee,-,-,-,-
Texas,Leon,-,-,-,-
Texas,Liberty,-,-,-,-
Texas,Limestone,-,-,-,-
Texas,Lipscomb,1,(D),-,-
Texas,LiveOak,-,-,-,-
Texas,Llano,-,-,-,-
Texas,Loving,-,-,-,-
Texas,Lubbock,-,-,1,(D)
Texas,Lynn,-,-,-,-
Texas,McCulloch,-,-,-,-
Texas,McLennan,2,(D),-,-
Texas,McMullen,-,-,-,-
Texas,Madison,-,-,-,-
Texas,Marion,-,-,-,-
Texas,Martin,-,-,-,-
Texas,Mason,-,-,-,-
Texas,Matagorda,-,-,-,-
Texas,Maverick,-,-,1,(D)
Texas,Medina,-,-,1,(D)
Texas,Menard,-,-,-,-
Texas,Midland,-,-,-,-
Texas,Milam,-,-,-,-
Texas,Mills,2,(D),-,-
Texas,Mitchell,-,-,-,-
Texas,Montague,-,-,1,(D)
Texas,Montgomery,-,-,-,-
Texas,Moore,6,"48,300",2,(D)
Texas,Morris,-,-,-,-
Texas,Motley,-,-,-,-
Texas,Nacogdoches,-,-,-,-
Texas,Navarro,-,-,-,-
Texas,Newton,-,-,-,-
Texas,Nolan,-,-,-,-
Texas,Nueces,-,-,-,-
Texas,Ochiltree,-,-,2,(D)
Texas,Oldham,-,-,2,(D)
Texas,Orange,-,-,-,-
Texas,PaloPinto,-,-,-,-
Texas,Panola,-,-,-,-
Texas,Parker,-,-,-,-
Texas,Parmer,11,"55,562",10,(D)
Texas,Pecos,-,-,-,-
Texas,Polk,-,-,-,-
Texas,Potter,-,-,-,-
Texas,Presidio,-,-,1,(D)
Texas,Rains,-,-,-,-
Texas,Randall,-,-,8,(D)
Texas,Reagan,-,-,-,-
Texas,Real,-,-,-,-
Texas,RedRiver,-,-,-,-
Texas,Reeves,-,-,-,-
Texas,Refugio,-,-,-,-
Texas,Roberts,-,-,-,-
Texas,Robertson,6,(D),-,-
Texas,Rockwall,-,-,-,-
Texas,Runnels,1,(D),1,(D)
Texas,Rusk,-,-,-,-
Texas,Sabine,-,-,-,-
Texas,SanAugustine,-,-,-,-
Texas,SanJacinto,-,-,-,-
Texas,SanPatricio,-,-,1,(D)
Texas,SanSaba,-,-,-,-
Texas,Schleicher,-,-,-,-
Texas,Scurry,1,(D),-,-
Texas,Shackelford,-,-,-,-
Texas,Shelby,-,-,-,-
Texas,Sherman,1,(D),3,(D)
Texas,Smith,-,-,-,-
Texas,Somervell,-,-,-,-
Texas,Starr,-,-,4,"13,306"
Texas,Stephens,-,-,-,-
Texas,Sterling,-,-,-,-
Texas,Stonewall,-,-,-,-
Texas,Sutton,-,-,-,-
Texas,Swisher,-,-,4,"162,573"
Texas,Tarrant,-,-,-,-
Texas,Taylor,-,-,-,-
Texas,Terrell,-,-,-,-
Texas,Terry,2,(D),-,-
Texas,Throckmorton,-,-,-,-
Texas,Titus,-,-,-,-
Texas,TomGreen,1,(D),1,(D)
Texas,Travis,-,-,-,-
Texas,Trinity,-,-,-,-
Texas,Tyler,-,-,-,-
Texas,Upshur,-,-,-,-
Texas,Upton,-,-,-,-
Texas,Uvalde,-,-,2,(D)
Texas,ValVerde,-,-,-,-
Texas,VanZandt,9,"8,881",-,-
Texas,Victoria,-,-,1,(D)
Texas,Walker,-,-,-,-
Texas,Waller,-,-,-,-
Texas,Ward,-,-,-,-
Texas,Washington,-,-,-,-
Texas,Webb,-,-,-,-
Texas,Wharton,-,-,-,-
Texas,Wheeler,1,(D),3,(D)
Texas,Wichita,-,-,-,-
Texas,Wilbarger,-,-,-,-
Texas,Willacy,-,-,-,-
Texas,Williamson,-,-,-,-
Texas,Wilson,2,(D),4,(D)
Texas,Winkler,-,-,-,-
Texas,Wise,-,-,-,-
Texas,Wood,1,(D),-,-
Texas,Yoakum,-,-,1,(D)
Texas,Young,-,-,2,(D)
Texas,Zapata,-,-,-,-
Texas,Zavala,-,-,2,(D)
Utah,Utah,38,"76,124",5,"4,870"
Utah,Beaver,1,(D),-,-
Utah,BoxElder,4,"6,286",1,(D)
Utah,Cache,8,"6,470",-,-
Utah,Carbon,-,-,-,-
Utah,Daggett,-,-,-,-
Utah,Davis,-,-,-,-
Utah,Duchesne,3,"2,670",-,-
Utah,Emery,-,-,-,-
Utah,Garfield,-,-,-,-
Utah,Grand,-,-,-,-
Utah,Iron,3,"14,253",1,(D)
Utah,Juab,2,(D),-,-
Utah,Kane,-,-,-,-
Utah,Millard,6,"11,000",-,-
Utah,Morgan,-,-,-,-
Utah,Piute,1,(D),-,-
Utah,Rich,-,-,-,-
Utah,SaltLake,-,-,-,-
Utah,SanJuan,-,-,-,-
Utah,Sanpete,3,(D),1,(D)
Utah,Sevier,2,(D),1,(D)
Utah,Summit,-,-,-,-
Utah,Tooele,-,-,-,-
Utah,Uintah,1,(D),-,-
Utah,Utah,3,"14,700",-,-
Utah,Wasatch,-,-,-,-
Utah,Washington,-,-,1,(D)
Utah,Wayne,-,-,-,-
Utah,Weber,1,(D),-,-
Vermont,Vermont,58,"62,657",1,500.0
Vermont,Addison,23,"24,578",-,-
Vermont,Bennington,-,-,-,-
Vermont,Caledonia,2,(D),-,-
Vermont,Chittenden,-,-,-,-
Vermont,Essex,-,-,-,-
Vermont,Franklin,15,"16,301",-,-
Vermont,GrandIsle,3,"2,600",-,-
Vermont,Lamoille,1,(D),1,500.0
Vermont,Orange,4,"4,219",-,-
Vermont,Orleans,5,"8,849",-,-
Vermont,Rutland,-,-,-,-
Vermont,Washington,2,(D),-,-
Vermont,Windham,2,(D),-,-
Vermont,Windsor,1,(D),-,-
Virginia,Virginia,26,"24,312",3,"4,274"
Virginia,Accomack,-,-,-,-
Virginia,Albemarle,-,-,-,-
Virginia,Alleghany,-,-,-,-
Virginia,Amelia,1,(D),-,-
Virginia,Amherst,-,-,-,-
Virginia,Appomattox,-,-,-,-
Virginia,Arlington,-,-,-,-
Virginia,Augusta,3,"2,000",-,-
Virginia,Bath,-,-,-,-
Virginia,Bedford,-,-,-,-
Virginia,Bland,-,-,-,-
Virginia,Botetourt,-,-,-,-
Virginia,Brunswick,-,-,-,-
Virginia,Buchanan,-,-,-,-
Virginia,Buckingham,-,-,-,-
Virginia,Campbell,-,-,1,(D)
Virginia,Caroline,-,-,-,-
Virginia,Carroll,-,-,-,-
Virginia,CharlesCity,-,-,-,-
Virginia,Charlotte,-,-,-,-
Virginia,Chesterfield,-,-,-,-
Virginia,Clarke,-,-,-,-
Virginia,Craig,-,-,-,-
Virginia,Culpeper,-,-,-,-
Virginia,Cumberland,-,-,-,-
Virginia,Dickenson,-,-,-,-
Virginia,Dinwiddie,-,-,-,-
Virginia,Essex,-,-,-,-
Virginia,Fairfax,-,-,-,-
Virginia,Fauquier,1,(D),-,-
Virginia,Floyd,-,-,-,-
Virginia,Fluvanna,-,-,-,-
Virginia,Franklin,5,"3,528",-,-
Virginia,Frederick,-,-,-,-
Virginia,Giles,-,-,-,-
Virginia,Gloucester,-,-,-,-
Virginia,Goochland,1,(D),-,-
Virginia,Grayson,-,-,1,(D)
Virginia,Greene,-,-,-,-
Virginia,Greensville,-,-,-,-
Virginia,Halifax,-,-,-,-
Virginia,Hanover,-,-,-,-
Virginia,Henrico,-,-,-,-
Virginia,Henry,-,-,-,-
Virginia,Highland,-,-,-,-
Virginia,IsleofWight,-,-,-,-
Virginia,JamesCity,-,-,-,-
Virginia,KingandQueen,-,-,-,-
Virginia,KingGeorge,-,-,-,-
Virginia,KingWilliam,-,-,-,-
Virginia,Lancaster,-,-,-,-
Virginia,Lee,-,-,-,-
Virginia,Loudoun,-,-,-,-
Virginia,Louisa,-,-,-,-
Virginia,Lunenburg,-,-,-,-
Virginia,Madison,1,(D),-,-
Virginia,Mathews,-,-,-,-
Virginia,Mecklenburg,-,-,-,-
Virginia,Middlesex,-,-,-,-
Virginia,Montgomery,1,(D),-,-
Virginia,Nelson,-,-,-,-
Virginia,NewKent,-,-,-,-
Virginia,Northampton,-,-,-,-
Virginia,Northumberland,-,-,-,-
Virginia,Nottoway,-,-,-,-
Virginia,Orange,-,-,-,-
Virginia,Page,-,-,-,-
Virginia,Patrick,-,-,-,-
Virginia,Pittsylvania,4,"5,926",-,-
Virginia,Powhatan,-,-,-,-
Virginia,PrinceEdward,-,-,-,-
Virginia,PrinceGeorge,-,-,-,-
Virginia,PrinceWilliam,-,-,-,-
Virginia,Pulaski,-,-,-,-
Virginia,Rappahannock,-,-,-,-
Virginia,Richmond,-,-,-,-
Virginia,Roanoke,-,-,-,-
Virginia,Rockbridge,-,-,-,-
Virginia,Rockingham,4,"5,715",-,-
Virginia,Russell,-,-,-,-
Virginia,Scott,-,-,-,-
Virginia,Shenandoah,-,-,-,-
Virginia,Smyth,-,-,-,-
Virginia,Southampton,-,-,-,-
Virginia,Spotsylvania,-,-,-,-
Virginia,Stafford,-,-,-,-
Virginia,Surry,-,-,-,-
Virginia,Sussex,-,-,-,-
Virginia,Tazewell,-,-,-,-
Virginia,Warren,-,-,-,-
Virginia,Washington,4,"2,507",-,-
Virginia,Westmoreland,-,-,-,-
Virginia,Wise,-,-,-,-
Virginia,Wythe,1,(D),1,(D)
Virginia,York,-,-,-,-
Virginia,ChesapeakeCity,-,-,-,-
Virginia,Suffolk,-,-,-,-
Virginia,VirginiaBeachCity,-,-,-,-
Washington,Washington,112,"232,995",19,"272,474"
Washington,Adams,3,"11,200",2,(D)
Washington,Asotin,-,-,-,-
Washington,Benton,5,"10,200",1,(D)
Washington,Chelan,-,-,-,-
Washington,Clallam,-,-,-,-
Washington,Clark,1,(D),-,-
Washington,Columbia,-,-,-,-
Washington,Cowlitz,-,-,-,-
Washington,Douglas,-,-,-,-
Washington,Ferry,-,-,-,-
Washington,Franklin,8,(D),2,(D)
Washington,Garfield,-,-,-,-
Washington,Grant,15,(D),6,"107,261"
Washington,GraysHarbor,1,(D),-,-
Washington,Island,1,(D),-,-
Washington,Jefferson,-,-,-,-
Washington,King,4,"3,500",-,-
Washington,Kitsap,-,-,-,-
Washington,Kittitas,-,-,-,-
Washington,Klickitat,1,(D),-,-
Washington,Lewis,1,(D),-,-
Washington,Lincoln,-,-,-,-
Washington,Mason,-,-,-,-
Washington,Okanogan,-,-,-,-
Washington,Pacific,-,-,-,-
Washington,PendOreille,-,-,-,-
Washington,Pierce,-,-,-,-
Washington,SanJuan,-,-,-,-
Washington,Skagit,7,"7,225",-,-
Washington,Skamania,-,-,-,-
Washington,Snohomish,4,"11,925",-,-
Washington,Spokane,-,-,1,(D)
Washington,Stevens,-,-,-,-
Washington,Thurston,3,"4,180",-,-
Washington,Wahkiakum,-,-,-,-
Washington,WallaWalla,-,-,1,(D)
Washington,Whatcom,26,"27,229",-,-
Washington,Whitman,-,-,1,(D)
Washington,Yakima,32,"96,998",5,"34,954"
West_Virginia,WestVirginia,-,-,3,"1,653"
West_Virginia,Barbour,-,-,-,-
West_Virginia,Berkeley,-,-,-,-
West_Virginia,Boone,-,-,-,-
West_Virginia,Braxton,-,-,-,-
West_Virginia,Brooke,-,-,-,-
West_Virginia,Cabell,-,-,-,-
West_Virginia,Calhoun,-,-,-,-
West_Virginia,Clay,-,-,-,-
West_Virginia,Doddridge,-,-,-,-
West_Virginia,Fayette,-,-,-,-
West_Virginia,Gilmer,-,-,-,-
West_Virginia,Grant,-,-,1,(D)
West_Virginia,Greenbrier,-,-,-,-
West_Virginia,Hampshire,-,-,-,-
West_Virginia,Hancock,-,-,-,-
West_Virginia,Hardy,-,-,2,(D)
West_Virginia,Harrison,-,-,-,-
West_Virginia,Jackson,-,-,-,-
West_Virginia,Jefferson,-,-,-,-
West_Virginia,Kanawha,-,-,-,-
West_Virginia,Lewis,-,-,-,-
West_Virginia,Lincoln,-,-,-,-
West_Virginia,Logan,-,-,-,-
West_Virginia,McDowell,-,-,-,-
West_Virginia,Marion,-,-,-,-
West_Virginia,Marshall,-,-,-,-
West_Virginia,Mason,-,-,-,-
West_Virginia,Mercer,-,-,-,-
West_Virginia,Mineral,-,-,-,-
West_Virginia,Mingo,-,-,-,-
West_Virginia,Monongalia,-,-,-,-
West_Virginia,Monroe,-,-,-,-
West_Virginia,Morgan,-,-,-,-
West_Virginia,Nicholas,-,-,-,-
West_Virginia,Ohio,-,-,-,-
West_Virginia,Pendleton,-,-,-,-
West_Virginia,Pleasants,-,-,-,-
West_Virginia,Pocahontas,-,-,-,-
West_Virginia,Preston,-,-,-,-
West_Virginia,Putnam,-,-,-,-
West_Virginia,Raleigh,-,-,-,-
West_Virginia,Randolph,-,-,-,-
West_Virginia,Ritchie,-,-,-,-
West_Virginia,Roane,-,-,-,-
West_Virginia,Summers,-,-,-,-
West_Virginia,Taylor,-,-,-,-
West_Virginia,Tucker,-,-,-,-
West_Virginia,Tyler,-,-,-,-
West_Virginia,Upshur,-,-,-,-
West_Virginia,Wayne,-,-,-,-
West_Virginia,Webster,-,-,-,-
West_Virginia,Wetzel,-,-,-,-
West_Virginia,Wirt,-,-,-,-
West_Virginia,Wood,-,-,-,-
West_Virginia,Wyoming,-,-,-,-
Wisconsin,Wisconsin,615,"706,794",96,"78,938"
Wisconsin,Adams,1,(D),-,-
Wisconsin,Ashland,3,"1,711",-,-
Wisconsin,Barron,6,"9,477",-,-
Wisconsin,Bayfield,-,-,-,-
Wisconsin,Brown,26,"39,205",1,(D)
Wisconsin,Buffalo,16,"12,904",3,"1,740"
Wisconsin,Burnett,4,"2,684",-,-
Wisconsin,Calumet,11,"23,885",3,"2,100"
Wisconsin,Chippewa,6,"6,653",-,-
Wisconsin,Clark,23,"21,975",1,(D)
Wisconsin,Columbia,11,"10,107",1,(D)
Wisconsin,Crawford,1,(D),-,-
Wisconsin,Dane,22,"24,861",8,"5,992"
Wisconsin,Dodge,17,"17,912",3,"3,800"
Wisconsin,Door,2,(D),-,-
Wisconsin,Douglas,-,-,-,-
Wisconsin,Dunn,16,"19,558",2,(D)
Wisconsin,EauClaire,1,(D),-,-
Wisconsin,Florence,-,-,-,-
Wisconsin,FondduLac,25,"39,546",4,"3,000"
Wisconsin,Forest,-,-,-,-
Wisconsin,Grant,12,"11,053",11,"7,760"
Wisconsin,Green,12,"14,172",2,(D)
Wisconsin,GreenLake,4,"4,625",-,-
Wisconsin,Iowa,3,"2,540",6,"3,600"
Wisconsin,Iron,1,(D),-,-
Wisconsin,Jackson,4,"3,336",1,(D)
Wisconsin,Jefferson,13,"10,615",-,-
Wisconsin,Juneau,8,"4,956",-,-
Wisconsin,Kenosha,1,(D),-,-
Wisconsin,Kewaunee,28,"45,432",6,"4,350"
Wisconsin,LaCrosse,3,"1,806",-,-
Wisconsin,Lafayette,9,"12,933",3,"2,100"
Wisconsin,Langlade,4,"6,308",-,-
Wisconsin,Lincoln,-,-,-,-
Wisconsin,Manitowoc,37,"42,474",1,(D)
Wisconsin,Marathon,32,"36,302",1,(D)
Wisconsin,Marinette,12,"14,217",3,"2,317"
Wisconsin,Marquette,3,"2,371",-,-
Wisconsin,Menominee,-,-,-,-
Wisconsin,Milwaukee,-,-,-,-
Wisconsin,Monroe,9,"8,069",1,(D)
Wisconsin,Oconto,10,"10,590",-,-
Wisconsin,Oneida,-,-,-,-
Wisconsin,Outagamie,14,"21,946",1,(D)
Wisconsin,Ozaukee,5,"5,085",1,(D)
Wisconsin,Pepin,3,"3,735",-,-
Wisconsin,Pierce,5,"6,329",1,(D)
Wisconsin,Polk,9,"8,047",-,-
Wisconsin,Portage,6,"4,510",6,"5,365"
Wisconsin,Price,1,(D),-,-
Wisconsin,Racine,1,(D),-,-
Wisconsin,Richland,6,"7,370",-,-
Wisconsin,Rock,3,"8,286",7,"5,619"
Wisconsin,Rusk,10,"6,860",-,-
Wisconsin,St.Croix,10,"10,084",3,"2,997"
Wisconsin,Sauk,5,"4,703",4,"3,075"
Wisconsin,Sawyer,1,(D),-,-
Wisconsin,Shawano,15,"23,212",-,-
Wisconsin,Sheboygan,15,"17,313",-,-
Wisconsin,Taylor,9,"6,270",1,(D)
Wisconsin,Trempealeau,14,"11,870",-,-
Wisconsin,Vernon,10,"9,989",-,-
Wisconsin,Vilas,-,-,-,-
Wisconsin,Walworth,19,"15,500",2,(D)
Wisconsin,Washburn,2,(D),-,-
Wisconsin,Washington,8,"8,690",1,(D)
Wisconsin,Waukesha,-,-,-,-
Wisconsin,Waupaca,27,"20,358",3,"1,650"
Wisconsin,Waushara,3,"4,185",1,(D)
Wisconsin,Winnebago,10,"11,494",3,"2,850"
Wisconsin,Wood,8,"5,786",1,(D)
Wyoming,Wyoming,2,1000.0,15,"60,708"
Wyoming,Albany,-,-,1,(D)
Wyoming,BigHorn,-,-,1,(D)
Wyoming,Campbell,-,-,-,-
Wyoming,Carbon,-,-,-,-
Wyoming,Converse,-,-,-,-
Wyoming,Crook,-,-,-,-
Wyoming,Fremont,-,-,1,(D)
Wyoming,Goshen,-,-,6,"41,489"
Wyoming,HotSprings,-,-,-,-
Wyoming,Johnson,-,-,-,-
Wyoming,Laramie,1,500.0,4,"9,955"
Wyoming,Lincoln,-,-,-,-
Wyoming,Natrona,-,-,1,(D)
Wyoming,Niobrara,-,-,-,-
Wyoming,Park,1,500.0,-,-
Wyoming,Platte,-,-,-,-
Wyoming,Sheridan,-,-,-,-
Wyoming,Sublette,-,-,-,-
Wyoming,Sweetwater,-,-,-,-
Wyoming,Teton,-,-,-,-
Wyoming,Uinta,-,-,-,-
Wyoming,Washakie,-,-,-,-
Wyoming,Weston,-,-,1,(D)
